Group;Plate;Concentration;Compound;Condition;Row;Column;Counts;ConditionID;GroupID
G0 + G1;567;100;PFOA;PFOA:100;;1;13016;;
S;567;100;PFOA;PFOA:100;;1;1632;;
G2 + early M;567;100;PFOA;PFOA:100;;1;367;;
late M;567;100;PFOA;PFOA:100;;1;190;;
Small;567;100;PFOA;PFOA:100;;1;294;;
Large;567;100;PFOA;PFOA:100;;1;132;;
0:None;567;100;PFOA;PFOA:100;;1;21;;
G0 + G1;567;10;PFOA;PFOA:10;;2;11555;;
G2 + early M;567;10;PFOA;PFOA:10;;2;529;;
S;567;10;PFOA;PFOA:10;;2;1728;;
Small;567;10;PFOA;PFOA:10;;2;315;;
0:None;567;10;PFOA;PFOA:10;;2;26;;
late M;567;10;PFOA;PFOA:10;;2;243;;
Large;567;10;PFOA;PFOA:10;;2;84;;
G0 + G1;567;1;PFOA;PFOA:1;;3;10734;;
G2 + early M;567;1;PFOA;PFOA:1;;3;269;;
S;567;1;PFOA;PFOA:1;;3;1071;;
Small;567;1;PFOA;PFOA:1;;3;185;;
late M;567;1;PFOA;PFOA:1;;3;166;;
0:None;567;1;PFOA;PFOA:1;;3;22;;
Large;567;1;PFOA;PFOA:1;;3;98;;
G2 + early M;567;0,1;PFOA;PFOA:0,1;;4;446;;
S;567;0,1;PFOA;PFOA:0,1;;4;1433;;
0:None;567;0,1;PFOA;PFOA:0,1;;4;28;;
G0 + G1;567;0,1;PFOA;PFOA:0,1;;4;7032;;
Small;567;0,1;PFOA;PFOA:0,1;;4;234;;
late M;567;0,1;PFOA;PFOA:0,1;;4;127;;
Large;567;0,1;PFOA;PFOA:0,1;;4;55;;
G0 + G1;567;0,01;PFOA;PFOA:0,01;;5;11436;;
late M;567;0,01;PFOA;PFOA:0,01;;5;221;;
S;567;0,01;PFOA;PFOA:0,01;;5;1330;;
Small;567;0,01;PFOA;PFOA:0,01;;5;218;;
G2 + early M;567;0,01;PFOA;PFOA:0,01;;5;320;;
Large;567;0,01;PFOA;PFOA:0,01;;5;56;;
0:None;567;0,01;PFOA;PFOA:0,01;;5;27;;
G0 + G1;567;100;PFOS;PFOS:100;;6;11530;;
S;567;100;PFOS;PFOS:100;;6;1004;;
late M;567;100;PFOS;PFOS:100;;6;165;;
G2 + early M;567;100;PFOS;PFOS:100;;6;230;;
Small;567;100;PFOS;PFOS:100;;6;234;;
Large;567;100;PFOS;PFOS:100;;6;79;;
0:None;567;100;PFOS;PFOS:100;;6;21;;
G0 + G1;567;10;PFOS;PFOS:10;;7;10400;;
late M;567;10;PFOS;PFOS:10;;7;132;;
Small;567;10;PFOS;PFOS:10;;7;250;;
S;567;10;PFOS;PFOS:10;;7;436;;
G2 + early M;567;10;PFOS;PFOS:10;;7;145;;
0:None;567;10;PFOS;PFOS:10;;7;29;;
Large;567;10;PFOS;PFOS:10;;7;46;;
G0 + G1;567;1;PFOS;PFOS:1;;8;13165;;
S;567;1;PFOS;PFOS:1;;8;463;;
G2 + early M;567;1;PFOS;PFOS:1;;8;176;;
Small;567;1;PFOS;PFOS:1;;8;178;;
late M;567;1;PFOS;PFOS:1;;8;229;;
Large;567;1;PFOS;PFOS:1;;8;36;;
0:None;567;1;PFOS;PFOS:1;;8;6;;
G0 + G1;567;0,1;PFOS;PFOS:0,1;;9;12592;;
S;567;0,1;PFOS;PFOS:0,1;;9;1156;;
G2 + early M;567;0,1;PFOS;PFOS:0,1;;9;281;;
late M;567;0,1;PFOS;PFOS:0,1;;9;188;;
Small;567;0,1;PFOS;PFOS:0,1;;9;276;;
Large;567;0,1;PFOS;PFOS:0,1;;9;60;;
0:None;567;0,1;PFOS;PFOS:0,1;;9;18;;
G0 + G1;567;0,01;PFOS;PFOS:0,01;;10;9776;;
Small;567;0,01;PFOS;PFOS:0,01;;10;325;;
S;567;0,01;PFOS;PFOS:0,01;;10;1329;;
late M;567;0,01;PFOS;PFOS:0,01;;10;164;;
G2 + early M;567;0,01;PFOS;PFOS:0,01;;10;301;;
Large;567;0,01;PFOS;PFOS:0,01;;10;78;;
0:None;567;0,01;PFOS;PFOS:0,01;;10;26;;
G0 + G1;567;0;Control;Control:0;;11;12372;;
S;567;0;Control;Control:0;;11;1052;;
G2 + early M;567;0;Control;Control:0;;11;298;;
Small;567;0;Control;Control:0;;11;254;;
late M;567;0;Control;Control:0;;11;165;;
0:None;567;0;Control;Control:0;;11;24;;
Large;567;0;Control;Control:0;;11;99;;
G0 + G1;567;0;Control;Control:0;;12;13867;;
Small;567;0;Control;Control:0;;12;276;;
S;567;0;Control;Control:0;;12;1246;;
G2 + early M;567;0;Control;Control:0;;12;322;;
Large;567;0;Control;Control:0;;12;144;;
late M;567;0;Control;Control:0;;12;204;;
0:None;567;0;Control;Control:0;;12;25;;
G0 + G1;567;100;PFOA;PFOA:100;;1;12033;;
late M;567;100;PFOA;PFOA:100;;1;177;;
Small;567;100;PFOA;PFOA:100;;1;265;;
S;567;100;PFOA;PFOA:100;;1;1049;;
G2 + early M;567;100;PFOA;PFOA:100;;1;318;;
Large;567;100;PFOA;PFOA:100;;1;104;;
0:None;567;100;PFOA;PFOA:100;;1;22;;
G0 + G1;567;10;PFOA;PFOA:10;;2;12587;;
late M;567;10;PFOA;PFOA:10;;2;192;;
Large;567;10;PFOA;PFOA:10;;2;58;;
S;567;10;PFOA;PFOA:10;;2;746;;
G2 + early M;567;10;PFOA;PFOA:10;;2;245;;
Small;567;10;PFOA;PFOA:10;;2;184;;
0:None;567;10;PFOA;PFOA:10;;2;11;;
G0 + G1;567;1;PFOA;PFOA:1;;3;13111;;
S;567;1;PFOA;PFOA:1;;3;1314;;
G2 + early M;567;1;PFOA;PFOA:1;;3;334;;
Small;567;1;PFOA;PFOA:1;;3;305;;
late M;567;1;PFOA;PFOA:1;;3;207;;
Large;567;1;PFOA;PFOA:1;;3;169;;
0:None;567;1;PFOA;PFOA:1;;3;31;;
G0 + G1;567;0,1;PFOA;PFOA:0,1;;4;8192;;
late M;567;0,1;PFOA;PFOA:0,1;;4;146;;
S;567;0,1;PFOA;PFOA:0,1;;4;921;;
G2 + early M;567;0,1;PFOA;PFOA:0,1;;4;288;;
Small;567;0,1;PFOA;PFOA:0,1;;4;220;;
0:None;567;0,1;PFOA;PFOA:0,1;;4;27;;
Large;567;0,1;PFOA;PFOA:0,1;;4;53;;
G0 + G1;567;0,01;PFOA;PFOA:0,01;;5;10263;;
G2 + early M;567;0,01;PFOA;PFOA:0,01;;5;215;;
S;567;0,01;PFOA;PFOA:0,01;;5;664;;
Small;567;0,01;PFOA;PFOA:0,01;;5;167;;
late M;567;0,01;PFOA;PFOA:0,01;;5;225;;
Large;567;0,01;PFOA;PFOA:0,01;;5;51;;
0:None;567;0,01;PFOA;PFOA:0,01;;5;16;;
S;567;100;PFOS;PFOS:100;;6;385;;
G0 + G1;567;100;PFOS;PFOS:100;;6;9137;;
0:None;567;100;PFOS;PFOS:100;;6;27;;
Small;567;100;PFOS;PFOS:100;;6;111;;
late M;567;100;PFOS;PFOS:100;;6;107;;
G2 + early M;567;100;PFOS;PFOS:100;;6;135;;
Large;567;100;PFOS;PFOS:100;;6;38;;
G0 + G1;567;10;PFOS;PFOS:10;;7;9609;;
S;567;10;PFOS;PFOS:10;;7;290;;
late M;567;10;PFOS;PFOS:10;;7;146;;
0:None;567;10;PFOS;PFOS:10;;7;21;;
G2 + early M;567;10;PFOS;PFOS:10;;7;132;;
Small;567;10;PFOS;PFOS:10;;7;148;;
Large;567;10;PFOS;PFOS:10;;7;20;;
G0 + G1;567;1;PFOS;PFOS:1;;8;13189;;
Small;567;1;PFOS;PFOS:1;;8;172;;
G2 + early M;567;1;PFOS;PFOS:1;;8;172;;
late M;567;1;PFOS;PFOS:1;;8;220;;
S;567;1;PFOS;PFOS:1;;8;421;;
0:None;567;1;PFOS;PFOS:1;;8;13;;
Large;567;1;PFOS;PFOS:1;;8;45;;
Small;567;0,1;PFOS;PFOS:0,1;;9;228;;
G0 + G1;567;0,1;PFOS;PFOS:0,1;;9;12439;;
S;567;0,1;PFOS;PFOS:0,1;;9;775;;
0:None;567;0,1;PFOS;PFOS:0,1;;9;21;;
G2 + early M;567;0,1;PFOS;PFOS:0,1;;9;224;;
late M;567;0,1;PFOS;PFOS:0,1;;9;181;;
Large;567;0,1;PFOS;PFOS:0,1;;9;52;;
G0 + G1;567;0,01;PFOS;PFOS:0,01;;10;12367;;
Large;567;0,01;PFOS;PFOS:0,01;;10;70;;
Small;567;0,01;PFOS;PFOS:0,01;;10;251;;
G2 + early M;567;0,01;PFOS;PFOS:0,01;;10;304;;
S;567;0,01;PFOS;PFOS:0,01;;10;1134;;
late M;567;0,01;PFOS;PFOS:0,01;;10;202;;
0:None;567;0,01;PFOS;PFOS:0,01;;10;23;;
G0 + G1;567;0;Control;Control:0;;11;12962;;
S;567;0;Control;Control:0;;11;1727;;
0:None;567;0;Control;Control:0;;11;31;;
Small;567;0;Control;Control:0;;11;385;;
G2 + early M;567;0;Control;Control:0;;11;569;;
late M;567;0;Control;Control:0;;11;254;;
Large;567;0;Control;Control:0;;11;138;;
G0 + G1;567;0;Control;Control:0;;12;13215;;
Small;567;0;Control;Control:0;;12;284;;
late M;567;0;Control;Control:0;;12;189;;
G2 + early M;567;0;Control;Control:0;;12;318;;
S;567;0;Control;Control:0;;12;1162;;
Large;567;0;Control;Control:0;;12;103;;
0:None;567;0;Control;Control:0;;12;29;;
G0 + G1;567;100;PFOA;PFOA:100;;1;15383;;
late M;567;100;PFOA;PFOA:100;;1;260;;
S;567;100;PFOA;PFOA:100;;1;1176;;
Small;567;100;PFOA;PFOA:100;;1;290;;
G2 + early M;567;100;PFOA;PFOA:100;;1;286;;
Large;567;100;PFOA;PFOA:100;;1;121;;
0:None;567;100;PFOA;PFOA:100;;1;12;;
G0 + G1;567;10;PFOA;PFOA:10;;2;12802;;
G2 + early M;567;10;PFOA;PFOA:10;;2;237;;
S;567;10;PFOA;PFOA:10;;2;911;;
Small;567;10;PFOA;PFOA:10;;2;234;;
late M;567;10;PFOA;PFOA:10;;2;184;;
Large;567;10;PFOA;PFOA:10;;2;72;;
0:None;567;10;PFOA;PFOA:10;;2;14;;
G0 + G1;567;1;PFOA;PFOA:1;;3;14030;;
Small;567;1;PFOA;PFOA:1;;3;246;;
G2 + early M;567;1;PFOA;PFOA:1;;3;265;;
S;567;1;PFOA;PFOA:1;;3;894;;
late M;567;1;PFOA;PFOA:1;;3;237;;
Large;567;1;PFOA;PFOA:1;;3;105;;
0:None;567;1;PFOA;PFOA:1;;3;24;;
0:None;567;0,1;PFOA;PFOA:0,1;;4;20;;
G0 + G1;567;0,1;PFOA;PFOA:0,1;;4;10557;;
Small;567;0,1;PFOA;PFOA:0,1;;4;212;;
S;567;0,1;PFOA;PFOA:0,1;;4;600;;
G2 + early M;567;0,1;PFOA;PFOA:0,1;;4;185;;
Large;567;0,1;PFOA;PFOA:0,1;;4;50;;
late M;567;0,1;PFOA;PFOA:0,1;;4;183;;
G0 + G1;567;0,01;PFOA;PFOA:0,01;;5;13217;;
S;567;0,01;PFOA;PFOA:0,01;;5;547;;
late M;567;0,01;PFOA;PFOA:0,01;;5;204;;
G2 + early M;567;0,01;PFOA;PFOA:0,01;;5;193;;
Small;567;0,01;PFOA;PFOA:0,01;;5;207;;
Large;567;0,01;PFOA;PFOA:0,01;;5;58;;
0:None;567;0,01;PFOA;PFOA:0,01;;5;19;;
G0 + G1;567;100;PFOS;PFOS:100;;6;9740;;
Small;567;100;PFOS;PFOS:100;;6;173;;
G2 + early M;567;100;PFOS;PFOS:100;;6;155;;
late M;567;100;PFOS;PFOS:100;;6;184;;
S;567;100;PFOS;PFOS:100;;6;396;;
Large;567;100;PFOS;PFOS:100;;6;34;;
0:None;567;100;PFOS;PFOS:100;;6;10;;
G0 + G1;567;10;PFOS;PFOS:10;;7;13545;;
Small;567;10;PFOS;PFOS:10;;7;206;;
G2 + early M;567;10;PFOS;PFOS:10;;7;178;;
S;567;10;PFOS;PFOS:10;;7;396;;
late M;567;10;PFOS;PFOS:10;;7;208;;
Large;567;10;PFOS;PFOS:10;;7;43;;
0:None;567;10;PFOS;PFOS:10;;7;7;;
late M;567;1;PFOS;PFOS:1;;8;223;;
G0 + G1;567;1;PFOS;PFOS:1;;8;12498;;
Small;567;1;PFOS;PFOS:1;;8;194;;
G2 + early M;567;1;PFOS;PFOS:1;;8;173;;
S;567;1;PFOS;PFOS:1;;8;486;;
0:None;567;1;PFOS;PFOS:1;;8;10;;
Large;567;1;PFOS;PFOS:1;;8;38;;
G0 + G1;567;0,1;PFOS;PFOS:0,1;;9;13829;;
Small;567;0,1;PFOS;PFOS:0,1;;9;258;;
late M;567;0,1;PFOS;PFOS:0,1;;9;259;;
G2 + early M;567;0,1;PFOS;PFOS:0,1;;9;291;;
S;567;0,1;PFOS;PFOS:0,1;;9;872;;
Large;567;0,1;PFOS;PFOS:0,1;;9;71;;
0:None;567;0,1;PFOS;PFOS:0,1;;9;12;;
G0 + G1;567;0,01;PFOS;PFOS:0,01;;10;11416;;
S;567;0,01;PFOS;PFOS:0,01;;10;1418;;
G2 + early M;567;0,01;PFOS;PFOS:0,01;;10;436;;
late M;567;0,01;PFOS;PFOS:0,01;;10;253;;
Small;567;0,01;PFOS;PFOS:0,01;;10;312;;
0:None;567;0,01;PFOS;PFOS:0,01;;10;20;;
Large;567;0,01;PFOS;PFOS:0,01;;10;82;;
G0 + G1;567;0;Control;Control:0;;11;14690;;
late M;567;0;Control;Control:0;;11;262;;
G2 + early M;567;0;Control;Control:0;;11;382;;
S;567;0;Control;Control:0;;11;1399;;
Small;567;0;Control;Control:0;;11;275;;
Large;567;0;Control;Control:0;;11;87;;
0:None;567;0;Control;Control:0;;11;6;;
G0 + G1;567;0;Control;Control:0;;12;15855;;
late M;567;0;Control;Control:0;;12;252;;
S;567;0;Control;Control:0;;12;1642;;
Large;567;0;Control;Control:0;;12;155;;
Small;567;0;Control;Control:0;;12;424;;
G2 + early M;567;0;Control;Control:0;;12;437;;
0:None;567;0;Control;Control:0;;12;14;;
G0 + G1;567;100;PFBA;PFBA:100;;1;15550;;
G2 + early M;567;100;PFBA;PFBA:100;;1;400;;
S;567;100;PFBA;PFBA:100;;1;1325;;
Small;567;100;PFBA;PFBA:100;;1;434;;
0:None;567;100;PFBA;PFBA:100;;1;12;;
Large;567;100;PFBA;PFBA:100;;1;133;;
late M;567;100;PFBA;PFBA:100;;1;269;;
G0 + G1;567;10;PFBA;PFBA:10;;2;14496;;
S;567;10;PFBA;PFBA:10;;2;960;;
G2 + early M;567;10;PFBA;PFBA:10;;2;316;;
late M;567;10;PFBA;PFBA:10;;2;198;;
Small;567;10;PFBA;PFBA:10;;2;219;;
Large;567;10;PFBA;PFBA:10;;2;69;;
0:None;567;10;PFBA;PFBA:10;;2;9;;
G0 + G1;567;1;PFBA;PFBA:1;;3;15135;;
S;567;1;PFBA;PFBA:1;;3;973;;
G2 + early M;567;1;PFBA;PFBA:1;;3;336;;
Small;567;1;PFBA;PFBA:1;;3;294;;
Large;567;1;PFBA;PFBA:1;;3;110;;
late M;567;1;PFBA;PFBA:1;;3;244;;
0:None;567;1;PFBA;PFBA:1;;3;13;;
G0 + G1;567;0,1;PFBA;PFBA:0,1;;4;12139;;
S;567;0,1;PFBA;PFBA:0,1;;4;700;;
0:None;567;0,1;PFBA;PFBA:0,1;;4;15;;
late M;567;0,1;PFBA;PFBA:0,1;;4;189;;
G2 + early M;567;0,1;PFBA;PFBA:0,1;;4;219;;
Large;567;0,1;PFBA;PFBA:0,1;;4;62;;
Small;567;0,1;PFBA;PFBA:0,1;;4;221;;
G0 + G1;567;0,01;PFBA;PFBA:0,01;;5;12913;;
late M;567;0,01;PFBA;PFBA:0,01;;5;203;;
Small;567;0,01;PFBA;PFBA:0,01;;5;238;;
S;567;0,01;PFBA;PFBA:0,01;;5;874;;
G2 + early M;567;0,01;PFBA;PFBA:0,01;;5;270;;
Large;567;0,01;PFBA;PFBA:0,01;;5;65;;
0:None;567;0,01;PFBA;PFBA:0,01;;5;9;;
G0 + G1;567;100;PFBS;PFBS:100;;6;10898;;
S;567;100;PFBS;PFBS:100;;6;804;;
0:None;567;100;PFBS;PFBS:100;;6;84;;
G2 + early M;567;100;PFBS;PFBS:100;;6;251;;
Small;567;100;PFBS;PFBS:100;;6;226;;
Large;567;100;PFBS;PFBS:100;;6;61;;
late M;567;100;PFBS;PFBS:100;;6;178;;
G0 + G1;567;10;PFBS;PFBS:10;;7;15180;;
G2 + early M;567;10;PFBS;PFBS:10;;7;269;;
Small;567;10;PFBS;PFBS:10;;7;245;;
S;567;10;PFBS;PFBS:10;;7;881;;
late M;567;10;PFBS;PFBS:10;;7;217;;
0:None;567;10;PFBS;PFBS:10;;7;11;;
Large;567;10;PFBS;PFBS:10;;7;85;;
G0 + G1;567;1;PFBS;PFBS:1;;8;13639;;
S;567;1;PFBS;PFBS:1;;8;902;;
G2 + early M;567;1;PFBS;PFBS:1;;8;290;;
late M;567;1;PFBS;PFBS:1;;8;228;;
Small;567;1;PFBS;PFBS:1;;8;208;;
0:None;567;1;PFBS;PFBS:1;;8;12;;
Large;567;1;PFBS;PFBS:1;;8;61;;
G0 + G1;567;0,1;PFBS;PFBS:0,1;;9;14527;;
Small;567;0,1;PFBS;PFBS:0,1;;9;309;;
G2 + early M;567;0,1;PFBS;PFBS:0,1;;9;362;;
late M;567;0,1;PFBS;PFBS:0,1;;9;277;;
S;567;0,1;PFBS;PFBS:0,1;;9;1145;;
Large;567;0,1;PFBS;PFBS:0,1;;9;59;;
0:None;567;0,1;PFBS;PFBS:0,1;;9;8;;
G0 + G1;567;0,01;PFBS;PFBS:0,01;;10;14863;;
late M;567;0,01;PFBS;PFBS:0,01;;10;271;;
G2 + early M;567;0,01;PFBS;PFBS:0,01;;10;284;;
S;567;0,01;PFBS;PFBS:0,01;;10;900;;
Small;567;0,01;PFBS;PFBS:0,01;;10;236;;
0:None;567;0,01;PFBS;PFBS:0,01;;10;4;;
Large;567;0,01;PFBS;PFBS:0,01;;10;72;;
G0 + G1;567;0;Control;Control:0;;11;13784;;
late M;567;0;Control;Control:0;;11;247;;
Small;567;0;Control;Control:0;;11;379;;
S;567;0;Control;Control:0;;11;1665;;
G2 + early M;567;0;Control;Control:0;;11;556;;
Large;567;0;Control;Control:0;;11;98;;
0:None;567;0;Control;Control:0;;11;16;;
G0 + G1;567;0;Control;Control:0;;12;12877;;
Small;567;0;Control;Control:0;;12;440;;
S;567;0;Control;Control:0;;12;1791;;
late M;567;0;Control;Control:0;;12;233;;
G2 + early M;567;0;Control;Control:0;;12;617;;
Large;567;0;Control;Control:0;;12;129;;
0:None;567;0;Control;Control:0;;12;29;;
S;567;100;PFBA;PFBA:100;;1;1824;;
G0 + G1;567;100;PFBA;PFBA:100;;1;16573;;
Small;567;100;PFBA;PFBA:100;;1;548;;
G2 + early M;567;100;PFBA;PFBA:100;;1;480;;
late M;567;100;PFBA;PFBA:100;;1;295;;
Large;567;100;PFBA;PFBA:100;;1;173;;
0:None;567;100;PFBA;PFBA:100;;1;24;;
G0 + G1;567;10;PFBA;PFBA:10;;2;14617;;
S;567;10;PFBA;PFBA:10;;2;1590;;
late M;567;10;PFBA;PFBA:10;;2;223;;
G2 + early M;567;10;PFBA;PFBA:10;;2;461;;
Small;567;10;PFBA;PFBA:10;;2;354;;
Large;567;10;PFBA;PFBA:10;;2;97;;
0:None;567;10;PFBA;PFBA:10;;2;16;;
Small;567;1;PFBA;PFBA:1;;3;399;;
G0 + G1;567;1;PFBA;PFBA:1;;3;16778;;
late M;567;1;PFBA;PFBA:1;;3;305;;
S;567;1;PFBA;PFBA:1;;3;1299;;
G2 + early M;567;1;PFBA;PFBA:1;;3;389;;
Large;567;1;PFBA;PFBA:1;;3;118;;
0:None;567;1;PFBA;PFBA:1;;3;9;;
G2 + early M;567;0,1;PFBA;PFBA:0,1;;4;262;;
G0 + G1;567;0,1;PFBA;PFBA:0,1;;4;13954;;
S;567;0,1;PFBA;PFBA:0,1;;4;1076;;
late M;567;0,1;PFBA;PFBA:0,1;;4;220;;
Small;567;0,1;PFBA;PFBA:0,1;;4;325;;
Large;567;0,1;PFBA;PFBA:0,1;;4;86;;
0:None;567;0,1;PFBA;PFBA:0,1;;4;6;;
G0 + G1;567;0,01;PFBA;PFBA:0,01;;5;14673;;
Small;567;0,01;PFBA;PFBA:0,01;;5;394;;
G2 + early M;567;0,01;PFBA;PFBA:0,01;;5;401;;
S;567;0,01;PFBA;PFBA:0,01;;5;1515;;
late M;567;0,01;PFBA;PFBA:0,01;;5;266;;
0:None;567;0,01;PFBA;PFBA:0,01;;5;18;;
Large;567;0,01;PFBA;PFBA:0,01;;5;105;;
G0 + G1;567;100;PFBS;PFBS:100;;6;9820;;
S;567;100;PFBS;PFBS:100;;6;1281;;
G2 + early M;567;100;PFBS;PFBS:100;;6;360;;
0:None;567;100;PFBS;PFBS:100;;6;45;;
late M;567;100;PFBS;PFBS:100;;6;171;;
Small;567;100;PFBS;PFBS:100;;6;273;;
Large;567;100;PFBS;PFBS:100;;6;72;;
G0 + G1;567;10;PFBS;PFBS:10;;7;17084;;
G2 + early M;567;10;PFBS;PFBS:10;;7;376;;
S;567;10;PFBS;PFBS:10;;7;1396;;
Small;567;10;PFBS;PFBS:10;;7;385;;
late M;567;10;PFBS;PFBS:10;;7;308;;
Large;567;10;PFBS;PFBS:10;;7;102;;
0:None;567;10;PFBS;PFBS:10;;7;7;;
G0 + G1;567;1;PFBS;PFBS:1;;8;16256;;
G2 + early M;567;1;PFBS;PFBS:1;;8;421;;
late M;567;1;PFBS;PFBS:1;;8;303;;
S;567;1;PFBS;PFBS:1;;8;1981;;
Small;567;1;PFBS;PFBS:1;;8;528;;
Large;567;1;PFBS;PFBS:1;;8;137;;
0:None;567;1;PFBS;PFBS:1;;8;18;;
Small;567;0,1;PFBS;PFBS:0,1;;9;377;;
G0 + G1;567;0,1;PFBS;PFBS:0,1;;9;16027;;
S;567;0,1;PFBS;PFBS:0,1;;9;1419;;
G2 + early M;567;0,1;PFBS;PFBS:0,1;;9;358;;
late M;567;0,1;PFBS;PFBS:0,1;;9;302;;
Large;567;0,1;PFBS;PFBS:0,1;;9;80;;
0:None;567;0,1;PFBS;PFBS:0,1;;9;11;;
G0 + G1;567;0,01;PFBS;PFBS:0,01;;10;17165;;
late M;567;0,01;PFBS;PFBS:0,01;;10;301;;
S;567;0,01;PFBS;PFBS:0,01;;10;1568;;
G2 + early M;567;0,01;PFBS;PFBS:0,01;;10;360;;
Small;567;0,01;PFBS;PFBS:0,01;;10;409;;
Large;567;0,01;PFBS;PFBS:0,01;;10;113;;
0:None;567;0,01;PFBS;PFBS:0,01;;10;10;;
Small;567;0;Control;Control:0;;11;530;;
G0 + G1;567;0;Control;Control:0;;11;14954;;
S;567;0;Control;Control:0;;11;2552;;
G2 + early M;567;0;Control;Control:0;;11;933;;
late M;567;0;Control;Control:0;;11;268;;
Large;567;0;Control;Control:0;;11;197;;
0:None;567;0;Control;Control:0;;11;19;;
G0 + G1;567;0;Control;Control:0;;12;14513;;
Small;567;0;Control;Control:0;;12;531;;
late M;567;0;Control;Control:0;;12;266;;
S;567;0;Control;Control:0;;12;2494;;
G2 + early M;567;0;Control;Control:0;;12;761;;
Large;567;0;Control;Control:0;;12;189;;
0:None;567;0;Control;Control:0;;12;21;;
G0 + G1;567;100;PFBA;PFBA:100;;1;15706;;
S;567;100;PFBA;PFBA:100;;1;2499;;
Small;567;100;PFBA;PFBA:100;;1;703;;
Large;567;100;PFBA;PFBA:100;;1;182;;
G2 + early M;567;100;PFBA;PFBA:100;;1;567;;
late M;567;100;PFBA;PFBA:100;;1;297;;
0:None;567;100;PFBA;PFBA:100;;1;25;;
S;567;10;PFBA;PFBA:10;;2;1841;;
G2 + early M;567;10;PFBA;PFBA:10;;2;499;;
late M;567;10;PFBA;PFBA:10;;2;275;;
G0 + G1;567;10;PFBA;PFBA:10;;2;15223;;
Small;567;10;PFBA;PFBA:10;;2;379;;
0:None;567;10;PFBA;PFBA:10;;2;21;;
Large;567;10;PFBA;PFBA:10;;2;148;;
G0 + G1;567;1;PFBA;PFBA:1;;3;16793;;
G2 + early M;567;1;PFBA;PFBA:1;;3;456;;
S;567;1;PFBA;PFBA:1;;3;1766;;
late M;567;1;PFBA;PFBA:1;;3;264;;
Small;567;1;PFBA;PFBA:1;;3;434;;
Large;567;1;PFBA;PFBA:1;;3;130;;
0:None;567;1;PFBA;PFBA:1;;3;9;;
G0 + G1;567;0,1;PFBA;PFBA:0,1;;4;15368;;
S;567;0,1;PFBA;PFBA:0,1;;4;1546;;
Small;567;0,1;PFBA;PFBA:0,1;;4;469;;
late M;567;0,1;PFBA;PFBA:0,1;;4;287;;
Large;567;0,1;PFBA;PFBA:0,1;;4;136;;
G2 + early M;567;0,1;PFBA;PFBA:0,1;;4;325;;
0:None;567;0,1;PFBA;PFBA:0,1;;4;19;;
G0 + G1;567;0,01;PFBA;PFBA:0,01;;5;15359;;
G2 + early M;567;0,01;PFBA;PFBA:0,01;;5;368;;
S;567;0,01;PFBA;PFBA:0,01;;5;1353;;
late M;567;0,01;PFBA;PFBA:0,01;;5;260;;
Small;567;0,01;PFBA;PFBA:0,01;;5;411;;
Large;567;0,01;PFBA;PFBA:0,01;;5;104;;
0:None;567;0,01;PFBA;PFBA:0,01;;5;12;;
0:None;567;100;PFBS;PFBS:100;;6;30;;
G0 + G1;567;100;PFBS;PFBS:100;;6;9939;;
Small;567;100;PFBS;PFBS:100;;6;325;;
S;567;100;PFBS;PFBS:100;;6;1670;;
late M;567;100;PFBS;PFBS:100;;6;216;;
G2 + early M;567;100;PFBS;PFBS:100;;6;484;;
Large;567;100;PFBS;PFBS:100;;6;94;;
G0 + G1;567;10;PFBS;PFBS:10;;7;17665;;
S;567;10;PFBS;PFBS:10;;7;1658;;
G2 + early M;567;10;PFBS;PFBS:10;;7;375;;
late M;567;10;PFBS;PFBS:10;;7;319;;
Large;567;10;PFBS;PFBS:10;;7;135;;
Small;567;10;PFBS;PFBS:10;;7;444;;
0:None;567;10;PFBS;PFBS:10;;7;7;;
G0 + G1;567;1;PFBS;PFBS:1;;8;16238;;
Small;567;1;PFBS;PFBS:1;;8;478;;
late M;567;1;PFBS;PFBS:1;;8;331;;
S;567;1;PFBS;PFBS:1;;8;1921;;
G2 + early M;567;1;PFBS;PFBS:1;;8;412;;
0:None;567;1;PFBS;PFBS:1;;8;15;;
Large;567;1;PFBS;PFBS:1;;8;128;;
G0 + G1;567;0,1;PFBS;PFBS:0,1;;9;15967;;
late M;567;0,1;PFBS;PFBS:0,1;;9;305;;
S;567;0,1;PFBS;PFBS:0,1;;9;1408;;
Small;567;0,1;PFBS;PFBS:0,1;;9;426;;
G2 + early M;567;0,1;PFBS;PFBS:0,1;;9;425;;
Large;567;0,1;PFBS;PFBS:0,1;;9;135;;
0:None;567;0,1;PFBS;PFBS:0,1;;9;14;;
G0 + G1;567;0,01;PFBS;PFBS:0,01;;10;16813;;
Small;567;0,01;PFBS;PFBS:0,01;;10;368;;
late M;567;0,01;PFBS;PFBS:0,01;;10;227;;
Large;567;0,01;PFBS;PFBS:0,01;;10;100;;
S;567;0,01;PFBS;PFBS:0,01;;10;866;;
G2 + early M;567;0,01;PFBS;PFBS:0,01;;10;260;;
0:None;567;0,01;PFBS;PFBS:0,01;;10;8;;
G0 + G1;567;0;Control;Control:0;;11;13123;;
late M;567;0;Control;Control:0;;11;279;;
G2 + early M;567;0;Control;Control:0;;11;631;;
S;567;0;Control;Control:0;;11;1693;;
Small;567;0;Control;Control:0;;11;394;;
Large;567;0;Control;Control:0;;11;112;;
0:None;567;0;Control;Control:0;;11;14;;
G0 + G1;567;0;Control;Control:0;;12;16403;;
late M;567;0;Control;Control:0;;12;228;;
S;567;0;Control;Control:0;;12;1609;;
Small;567;0;Control;Control:0;;12;469;;
Large;567;0;Control;Control:0;;12;152;;
G2 + early M;567;0;Control;Control:0;;12;437;;
0:None;567;0;Control;Control:0;;12;20;;
G0 + G1;567;0,01;C6O4;C6O4:0,01;;1;16666;;
G2 + early M;567;0,01;C6O4;C6O4:0,01;;1;438;;
S;567;0,01;C6O4;C6O4:0,01;;1;1784;;
late M;567;0,01;C6O4;C6O4:0,01;;1;289;;
Small;567;0,01;C6O4;C6O4:0,01;;1;533;;
Large;567;0,01;C6O4;C6O4:0,01;;1;177;;
0:None;567;0,01;C6O4;C6O4:0,01;;1;24;;
G0 + G1;567;0,01;C6O4;C6O4:0,01;;2;16151;;
S;567;0,01;C6O4;C6O4:0,01;;2;2388;;
Small;567;0,01;C6O4;C6O4:0,01;;2;607;;
late M;567;0,01;C6O4;C6O4:0,01;;2;345;;
G2 + early M;567;0,01;C6O4;C6O4:0,01;;2;707;;
Large;567;0,01;C6O4;C6O4:0,01;;2;160;;
0:None;567;0,01;C6O4;C6O4:0,01;;2;18;;
G0 + G1;567;0,01;C6O4;C6O4:0,01;;3;14681;;
Small;567;0,01;C6O4;C6O4:0,01;;3;392;;
late M;567;0,01;C6O4;C6O4:0,01;;3;273;;
S;567;0,01;C6O4;C6O4:0,01;;3;1208;;
G2 + early M;567;0,01;C6O4;C6O4:0,01;;3;396;;
Large;567;0,01;C6O4;C6O4:0,01;;3;102;;
0:None;567;0,01;C6O4;C6O4:0,01;;3;13;;
G0 + G1;567;0,1;C6O4;C6O4:0,1;;4;14655;;
G2 + early M;567;0,1;C6O4;C6O4:0,1;;4;406;;
Small;567;0,1;C6O4;C6O4:0,1;;4;494;;
late M;567;0,1;C6O4;C6O4:0,1;;4;305;;
S;567;0,1;C6O4;C6O4:0,1;;4;1363;;
Large;567;0,1;C6O4;C6O4:0,1;;4;82;;
0:None;567;0,1;C6O4;C6O4:0,1;;4;13;;
G0 + G1;567;0,1;C6O4;C6O4:0,1;;5;13800;;
late M;567;0,1;C6O4;C6O4:0,1;;5;307;;
Small;567;0,1;C6O4;C6O4:0,1;;5;515;;
G2 + early M;567;0,1;C6O4;C6O4:0,1;;5;583;;
0:None;567;0,1;C6O4;C6O4:0,1;;5;19;;
S;567;0,1;C6O4;C6O4:0,1;;5;1837;;
Large;567;0,1;C6O4;C6O4:0,1;;5;113;;
G0 + G1;567;0,1;C6O4;C6O4:0,1;;6;10360;;
G2 + early M;567;0,1;C6O4;C6O4:0,1;;6;318;;
Small;567;0,1;C6O4;C6O4:0,1;;6;318;;
S;567;0,1;C6O4;C6O4:0,1;;6;1220;;
0:None;567;0,1;C6O4;C6O4:0,1;;6;22;;
late M;567;0,1;C6O4;C6O4:0,1;;6;176;;
Large;567;0,1;C6O4;C6O4:0,1;;6;87;;
G0 + G1;567;1;C6O4;C6O4:1;;7;16241;;
Small;567;1;C6O4;C6O4:1;;7;591;;
S;567;1;C6O4;C6O4:1;;7;2180;;
late M;567;1;C6O4;C6O4:1;;7;364;;
G2 + early M;567;1;C6O4;C6O4:1;;7;557;;
Large;567;1;C6O4;C6O4:1;;7;133;;
0:None;567;1;C6O4;C6O4:1;;7;10;;
G0 + G1;567;1;C6O4;C6O4:1;;8;15652;;
Small;567;1;C6O4;C6O4:1;;8;491;;
late M;567;1;C6O4;C6O4:1;;8;357;;
G2 + early M;567;1;C6O4;C6O4:1;;8;561;;
S;567;1;C6O4;C6O4:1;;8;1972;;
Large;567;1;C6O4;C6O4:1;;8;115;;
0:None;567;1;C6O4;C6O4:1;;8;20;;
G0 + G1;567;1;C6O4;C6O4:1;;9;14595;;
late M;567;1;C6O4;C6O4:1;;9;265;;
S;567;1;C6O4;C6O4:1;;9;1911;;
Small;567;1;C6O4;C6O4:1;;9;585;;
G2 + early M;567;1;C6O4;C6O4:1;;9;494;;
0:None;567;1;C6O4;C6O4:1;;9;22;;
Large;567;1;C6O4;C6O4:1;;9;139;;
G0 + G1;567;0;Control;Control:0;;10;15733;;
Small;567;0;Control;Control:0;;10;630;;
S;567;0;Control;Control:0;;10;2613;;
G2 + early M;567;0;Control;Control:0;;10;769;;
late M;567;0;Control;Control:0;;10;303;;
Large;567;0;Control;Control:0;;10;177;;
0:None;567;0;Control;Control:0;;10;19;;
G0 + G1;567;0;Control;Control:0;;11;15118;;
S;567;0;Control;Control:0;;11;2488;;
late M;567;0;Control;Control:0;;11;265;;
0:None;567;0;Control;Control:0;;11;21;;
G2 + early M;567;0;Control;Control:0;;11;700;;
Large;567;0;Control;Control:0;;11;168;;
Small;567;0;Control;Control:0;;11;592;;
S;567;0;Control;Control:0;;12;2786;;
G0 + G1;567;0;Control;Control:0;;12;12517;;
Small;567;0;Control;Control:0;;12;824;;
G2 + early M;567;0;Control;Control:0;;12;1224;;
Large;567;0;Control;Control:0;;12;175;;
late M;567;0;Control;Control:0;;12;366;;
0:None;567;0;Control;Control:0;;12;44;;
Small;567;10;C6O4;C6O4:10;;1;858;;
G0 + G1;567;10;C6O4;C6O4:10;;1;15722;;
S;567;10;C6O4;C6O4:10;;1;3113;;
late M;567;10;C6O4;C6O4:10;;1;403;;
Large;567;10;C6O4;C6O4:10;;1;228;;
G2 + early M;567;10;C6O4;C6O4:10;;1;956;;
0:None;567;10;C6O4;C6O4:10;;1;32;;
G0 + G1;567;10;C6O4;C6O4:10;;2;16832;;
S;567;10;C6O4;C6O4:10;;2;3053;;
late M;567;10;C6O4;C6O4:10;;2;315;;
G2 + early M;567;10;C6O4;C6O4:10;;2;718;;
Small;567;10;C6O4;C6O4:10;;2;691;;
Large;567;10;C6O4;C6O4:10;;2;187;;
0:None;567;10;C6O4;C6O4:10;;2;24;;
G0 + G1;567;10;C6O4;C6O4:10;;3;16887;;
S;567;10;C6O4;C6O4:10;;3;2822;;
Small;567;10;C6O4;C6O4:10;;3;714;;
G2 + early M;567;10;C6O4;C6O4:10;;3;647;;
late M;567;10;C6O4;C6O4:10;;3;339;;
Large;567;10;C6O4;C6O4:10;;3;170;;
0:None;567;10;C6O4;C6O4:10;;3;14;;
G0 + G1;567;100;C6O4;C6O4:100;;4;13461;;
Small;567;100;C6O4;C6O4:100;;4;533;;
S;567;100;C6O4;C6O4:100;;4;1948;;
Large;567;100;C6O4;C6O4:100;;4;125;;
G2 + early M;567;100;C6O4;C6O4:100;;4;431;;
late M;567;100;C6O4;C6O4:100;;4;252;;
0:None;567;100;C6O4;C6O4:100;;4;25;;
G0 + G1;567;100;C6O4;C6O4:100;;5;15955;;
S;567;100;C6O4;C6O4:100;;5;2389;;
Small;567;100;C6O4;C6O4:100;;5;498;;
G2 + early M;567;100;C6O4;C6O4:100;;5;547;;
late M;567;100;C6O4;C6O4:100;;5;321;;
Large;567;100;C6O4;C6O4:100;;5;141;;
0:None;567;100;C6O4;C6O4:100;;5;15;;
S;567;100;C6O4;C6O4:100;;6;3372;;
G0 + G1;567;100;C6O4;C6O4:100;;6;10905;;
G2 + early M;567;100;C6O4;C6O4:100;;6;1584;;
late M;567;100;C6O4;C6O4:100;;6;385;;
Small;567;100;C6O4;C6O4:100;;6;741;;
Large;567;100;C6O4;C6O4:100;;6;144;;
0:None;567;100;C6O4;C6O4:100;;6;27;;
G0 + G1;567;0;Control;Control:0;;7;12201;;
S;567;0;Control;Control:0;;7;828;;
G2 + early M;567;0;Control;Control:0;;7;281;;
0:None;567;0;Control;Control:0;;7;16;;
late M;567;0;Control;Control:0;;7;193;;
Small;567;0;Control;Control:0;;7;215;;
Large;567;0;Control;Control:0;;7;70;;
G0 + G1;567;0;Control;Control:0;;8;15812;;
Small;567;0;Control;Control:0;;8;712;;
G2 + early M;567;0;Control;Control:0;;8;921;;
S;567;0;Control;Control:0;;8;3302;;
Large;567;0;Control;Control:0;;8;251;;
late M;567;0;Control;Control:0;;8;361;;
0:None;567;0;Control;Control:0;;8;24;;
G0 + G1;567;0;Control;Control:0;;9;13715;;
G2 + early M;567;0;Control;Control:0;;9;780;;
S;567;0;Control;Control:0;;9;1934;;
Small;567;0;Control;Control:0;;9;414;;
late M;567;0;Control;Control:0;;9;344;;
Large;567;0;Control;Control:0;;9;132;;
0:None;567;0;Control;Control:0;;9;15;;
G0 + G1;567;0;Control;Control:0;;10;16534;;
S;567;0;Control;Control:0;;10;3211;;
Small;567;0;Control;Control:0;;10;663;;
late M;567;0;Control;Control:0;;10;362;;
G2 + early M;567;0;Control;Control:0;;10;758;;
Large;567;0;Control;Control:0;;10;207;;
0:None;567;0;Control;Control:0;;10;21;;
G0 + G1;567;0;Control;Control:0;;11;15146;;
S;567;0;Control;Control:0;;11;2109;;
Small;567;0;Control;Control:0;;11;500;;
late M;567;0;Control;Control:0;;11;338;;
G2 + early M;567;0;Control;Control:0;;11;717;;
Large;567;0;Control;Control:0;;11;152;;
0:None;567;0;Control;Control:0;;11;18;;
G0 + G1;567;0;Control;Control:0;;12;15235;;
late M;567;0;Control;Control:0;;12;251;;
G2 + early M;567;0;Control;Control:0;;12;613;;
Small;567;0;Control;Control:0;;12;674;;
S;567;0;Control;Control:0;;12;2212;;
Large;567;0;Control;Control:0;;12;173;;
0:None;567;0;Control;Control:0;;12;52;;
G0 + G1;565;100;PFOA;PFOA:100;;1;13858;;
G2 + early M;565;100;PFOA;PFOA:100;;1;909;;
Small;565;100;PFOA;PFOA:100;;1;391;;
S;565;100;PFOA;PFOA:100;;1;2483;;
late M;565;100;PFOA;PFOA:100;;1;296;;
Large;565;100;PFOA;PFOA:100;;1;283;;
0:None;565;100;PFOA;PFOA:100;;1;26;;
S;565;10;PFOA;PFOA:10;;2;1787;;
G0 + G1;565;10;PFOA;PFOA:10;;2;11013;;
late M;565;10;PFOA;PFOA:10;;2;175;;
G2 + early M;565;10;PFOA;PFOA:10;;2;623;;
Small;565;10;PFOA;PFOA:10;;2;408;;
Large;565;10;PFOA;PFOA:10;;2;88;;
0:None;565;10;PFOA;PFOA:10;;2;17;;
G0 + G1;565;1;PFOA;PFOA:1;;3;11102;;
Small;565;1;PFOA;PFOA:1;;3;315;;
G2 + early M;565;1;PFOA;PFOA:1;;3;348;;
S;565;1;PFOA;PFOA:1;;3;1422;;
late M;565;1;PFOA;PFOA:1;;3;167;;
0:None;565;1;PFOA;PFOA:1;;3;17;;
Large;565;1;PFOA;PFOA:1;;3;83;;
G0 + G1;565;0,1;PFOA;PFOA:0,1;;4;9206;;
G2 + early M;565;0,1;PFOA;PFOA:0,1;;4;325;;
late M;565;0,1;PFOA;PFOA:0,1;;4;162;;
S;565;0,1;PFOA;PFOA:0,1;;4;1065;;
Small;565;0,1;PFOA;PFOA:0,1;;4;281;;
Large;565;0,1;PFOA;PFOA:0,1;;4;73;;
0:None;565;0,1;PFOA;PFOA:0,1;;4;33;;
G0 + G1;565;0,01;PFOA;PFOA:0,01;;5;10089;;
G2 + early M;565;0,01;PFOA;PFOA:0,01;;5;290;;
S;565;0,01;PFOA;PFOA:0,01;;5;877;;
late M;565;0,01;PFOA;PFOA:0,01;;5;139;;
Small;565;0,01;PFOA;PFOA:0,01;;5;221;;
0:None;565;0,01;PFOA;PFOA:0,01;;5;20;;
Large;565;0,01;PFOA;PFOA:0,01;;5;54;;
G0 + G1;565;100;PFOS;PFOS:100;;6;9027;;
G2 + early M;565;100;PFOS;PFOS:100;;6;388;;
S;565;100;PFOS;PFOS:100;;6;1168;;
Small;565;100;PFOS;PFOS:100;;6;272;;
late M;565;100;PFOS;PFOS:100;;6;194;;
Large;565;100;PFOS;PFOS:100;;6;53;;
0:None;565;100;PFOS;PFOS:100;;6;28;;
G0 + G1;565;10;PFOS;PFOS:10;;7;15000;;
S;565;10;PFOS;PFOS:10;;7;1186;;
Small;565;10;PFOS;PFOS:10;;7;620;;
late M;565;10;PFOS;PFOS:10;;7;199;;
G2 + early M;565;10;PFOS;PFOS:10;;7;407;;
Large;565;10;PFOS;PFOS:10;;7;83;;
0:None;565;10;PFOS;PFOS:10;;7;20;;
G0 + G1;565;1;PFOS;PFOS:1;;8;10770;;
S;565;1;PFOS;PFOS:1;;8;1515;;
late M;565;1;PFOS;PFOS:1;;8;176;;
G2 + early M;565;1;PFOS;PFOS:1;;8;462;;
Small;565;1;PFOS;PFOS:1;;8;309;;
Large;565;1;PFOS;PFOS:1;;8;66;;
0:None;565;1;PFOS;PFOS:1;;8;22;;
0:None;565;0,1;PFOS;PFOS:0,1;;9;19;;
G0 + G1;565;0,1;PFOS;PFOS:0,1;;9;11926;;
S;565;0,1;PFOS;PFOS:0,1;;9;2090;;
late M;565;0,1;PFOS;PFOS:0,1;;9;249;;
Small;565;0,1;PFOS;PFOS:0,1;;9;373;;
G2 + early M;565;0,1;PFOS;PFOS:0,1;;9;696;;
Large;565;0,1;PFOS;PFOS:0,1;;9;111;;
G0 + G1;565;0,01;PFOS;PFOS:0,01;;10;11123;;
Small;565;0,01;PFOS;PFOS:0,01;;10;579;;
S;565;0,01;PFOS;PFOS:0,01;;10;2434;;
G2 + early M;565;0,01;PFOS;PFOS:0,01;;10;898;;
late M;565;0,01;PFOS;PFOS:0,01;;10;244;;
Large;565;0,01;PFOS;PFOS:0,01;;10;131;;
0:None;565;0,01;PFOS;PFOS:0,01;;10;31;;
G0 + G1;565;0;Control;Control:0;;11;12928;;
S;565;0;Control;Control:0;;11;2118;;
G2 + early M;565;0;Control;Control:0;;11;633;;
Small;565;0;Control;Control:0;;11;655;;
late M;565;0;Control;Control:0;;11;281;;
Large;565;0;Control;Control:0;;11;108;;
0:None;565;0;Control;Control:0;;11;27;;
G0 + G1;565;0;Control;Control:0;;12;15269;;
late M;565;0;Control;Control:0;;12;221;;
S;565;0;Control;Control:0;;12;953;;
Small;565;0;Control;Control:0;;12;464;;
0:None;565;0;Control;Control:0;;12;20;;
G2 + early M;565;0;Control;Control:0;;12;294;;
Large;565;0;Control;Control:0;;12;86;;
G0 + G1;565;100;PFOA;PFOA:100;;1;16077;;
S;565;100;PFOA;PFOA:100;;1;1322;;
Small;565;100;PFOA;PFOA:100;;1;386;;
G2 + early M;565;100;PFOA;PFOA:100;;1;397;;
late M;565;100;PFOA;PFOA:100;;1;259;;
Large;565;100;PFOA;PFOA:100;;1;116;;
0:None;565;100;PFOA;PFOA:100;;1;21;;
G0 + G1;565;10;PFOA;PFOA:10;;2;11927;;
G2 + early M;565;10;PFOA;PFOA:10;;2;603;;
S;565;10;PFOA;PFOA:10;;2;1707;;
late M;565;10;PFOA;PFOA:10;;2;256;;
Large;565;10;PFOA;PFOA:10;;2;77;;
Small;565;10;PFOA;PFOA:10;;2;370;;
0:None;565;10;PFOA;PFOA:10;;2;27;;
G0 + G1;565;1;PFOA;PFOA:1;;3;11371;;
late M;565;1;PFOA;PFOA:1;;3;160;;
S;565;1;PFOA;PFOA:1;;3;991;;
Small;565;1;PFOA;PFOA:1;;3;261;;
0:None;565;1;PFOA;PFOA:1;;3;25;;
G2 + early M;565;1;PFOA;PFOA:1;;3;255;;
Large;565;1;PFOA;PFOA:1;;3;44;;
G0 + G1;565;0,1;PFOA;PFOA:0,1;;4;8665;;
Small;565;0,1;PFOA;PFOA:0,1;;4;197;;
S;565;0,1;PFOA;PFOA:0,1;;4;819;;
G2 + early M;565;0,1;PFOA;PFOA:0,1;;4;240;;
0:None;565;0,1;PFOA;PFOA:0,1;;4;27;;
late M;565;0,1;PFOA;PFOA:0,1;;4;140;;
Large;565;0,1;PFOA;PFOA:0,1;;4;49;;
G0 + G1;565;0,01;PFOA;PFOA:0,01;;5;9679;;
late M;565;0,01;PFOA;PFOA:0,01;;5;163;;
0:None;565;0,01;PFOA;PFOA:0,01;;5;15;;
G2 + early M;565;0,01;PFOA;PFOA:0,01;;5;186;;
Small;565;0,01;PFOA;PFOA:0,01;;5;197;;
S;565;0,01;PFOA;PFOA:0,01;;5;656;;
Large;565;0,01;PFOA;PFOA:0,01;;5;36;;
G0 + G1;565;100;PFOS;PFOS:100;;6;11085;;
Small;565;100;PFOS;PFOS:100;;6;204;;
S;565;100;PFOS;PFOS:100;;6;1021;;
late M;565;100;PFOS;PFOS:100;;6;150;;
G2 + early M;565;100;PFOS;PFOS:100;;6;351;;
0:None;565;100;PFOS;PFOS:100;;6;19;;
Large;565;100;PFOS;PFOS:100;;6;52;;
G0 + G1;565;10;PFOS;PFOS:10;;7;11876;;
late M;565;10;PFOS;PFOS:10;;7;226;;
Small;565;10;PFOS;PFOS:10;;7;398;;
S;565;10;PFOS;PFOS:10;;7;1337;;
G2 + early M;565;10;PFOS;PFOS:10;;7;454;;
0:None;565;10;PFOS;PFOS:10;;7;44;;
Large;565;10;PFOS;PFOS:10;;7;92;;
G0 + G1;565;1;PFOS;PFOS:1;;8;8579;;
0:None;565;1;PFOS;PFOS:1;;8;27;;
S;565;1;PFOS;PFOS:1;;8;756;;
G2 + early M;565;1;PFOS;PFOS:1;;8;207;;
late M;565;1;PFOS;PFOS:1;;8;164;;
Small;565;1;PFOS;PFOS:1;;8;179;;
Large;565;1;PFOS;PFOS:1;;8;33;;
G0 + G1;565;0,1;PFOS;PFOS:0,1;;9;9699;;
G2 + early M;565;0,1;PFOS;PFOS:0,1;;9;372;;
late M;565;0,1;PFOS;PFOS:0,1;;9;195;;
Small;565;0,1;PFOS;PFOS:0,1;;9;230;;
S;565;0,1;PFOS;PFOS:0,1;;9;1291;;
Large;565;0,1;PFOS;PFOS:0,1;;9;62;;
0:None;565;0,1;PFOS;PFOS:0,1;;9;18;;
G0 + G1;565;0,01;PFOS;PFOS:0,01;;10;9702;;
Small;565;0,01;PFOS;PFOS:0,01;;10;318;;
0:None;565;0,01;PFOS;PFOS:0,01;;10;25;;
G2 + early M;565;0,01;PFOS;PFOS:0,01;;10;686;;
S;565;0,01;PFOS;PFOS:0,01;;10;1595;;
late M;565;0,01;PFOS;PFOS:0,01;;10;224;;
Large;565;0,01;PFOS;PFOS:0,01;;10;65;;
G0 + G1;565;0;Control;Control:0;;11;11241;;
late M;565;0;Control;Control:0;;11;190;;
0:None;565;0;Control;Control:0;;11;27;;
S;565;0;Control;Control:0;;11;632;;
G2 + early M;565;0;Control;Control:0;;11;245;;
Small;565;0;Control;Control:0;;11;227;;
Large;565;0;Control;Control:0;;11;46;;
G0 + G1;565;0;Control;Control:0;;12;11679;;
S;565;0;Control;Control:0;;12;1303;;
G2 + early M;565;0;Control;Control:0;;12;443;;
late M;565;0;Control;Control:0;;12;256;;
Small;565;0;Control;Control:0;;12;660;;
0:None;565;0;Control;Control:0;;12;43;;
Large;565;0;Control;Control:0;;12;62;;
G0 + G1;565;100;PFOA;PFOA:100;;1;13743;;
S;565;100;PFOA;PFOA:100;;1;1399;;
Small;565;100;PFOA;PFOA:100;;1;468;;
late M;565;100;PFOA;PFOA:100;;1;223;;
G2 + early M;565;100;PFOA;PFOA:100;;1;406;;
0:None;565;100;PFOA;PFOA:100;;1;25;;
Large;565;100;PFOA;PFOA:100;;1;124;;
G0 + G1;565;10;PFOA;PFOA:10;;2;10647;;
S;565;10;PFOA;PFOA:10;;2;940;;
G2 + early M;565;10;PFOA;PFOA:10;;2;291;;
0:None;565;10;PFOA;PFOA:10;;2;34;;
late M;565;10;PFOA;PFOA:10;;2;163;;
Small;565;10;PFOA;PFOA:10;;2;265;;
Large;565;10;PFOA;PFOA:10;;2;53;;
S;565;1;PFOA;PFOA:1;;3;1163;;
G0 + G1;565;1;PFOA;PFOA:1;;3;10602;;
Small;565;1;PFOA;PFOA:1;;3;323;;
late M;565;1;PFOA;PFOA:1;;3;187;;
G2 + early M;565;1;PFOA;PFOA:1;;3;351;;
0:None;565;1;PFOA;PFOA:1;;3;36;;
Large;565;1;PFOA;PFOA:1;;3;51;;
G0 + G1;565;0,1;PFOA;PFOA:0,1;;4;11901;;
S;565;0,1;PFOA;PFOA:0,1;;4;760;;
G2 + early M;565;0,1;PFOA;PFOA:0,1;;4;236;;
0:None;565;0,1;PFOA;PFOA:0,1;;4;18;;
Small;565;0,1;PFOA;PFOA:0,1;;4;256;;
late M;565;0,1;PFOA;PFOA:0,1;;4;163;;
Large;565;0,1;PFOA;PFOA:0,1;;4;54;;
G0 + G1;565;0,01;PFOA;PFOA:0,01;;5;7922;;
Small;565;0,01;PFOA;PFOA:0,01;;5;116;;
G2 + early M;565;0,01;PFOA;PFOA:0,01;;5;146;;
S;565;0,01;PFOA;PFOA:0,01;;5;486;;
late M;565;0,01;PFOA;PFOA:0,01;;5;122;;
Large;565;0,01;PFOA;PFOA:0,01;;5;27;;
0:None;565;0,01;PFOA;PFOA:0,01;;5;17;;
G0 + G1;565;100;PFOS;PFOS:100;;6;9897;;
S;565;100;PFOS;PFOS:100;;6;551;;
G2 + early M;565;100;PFOS;PFOS:100;;6;182;;
Small;565;100;PFOS;PFOS:100;;6;134;;
late M;565;100;PFOS;PFOS:100;;6;186;;
Large;565;100;PFOS;PFOS:100;;6;19;;
0:None;565;100;PFOS;PFOS:100;;6;10;;
late M;565;10;PFOS;PFOS:10;;7;224;;
G0 + G1;565;10;PFOS;PFOS:10;;7;14581;;
Small;565;10;PFOS;PFOS:10;;7;269;;
S;565;10;PFOS;PFOS:10;;7;889;;
0:None;565;10;PFOS;PFOS:10;;7;16;;
G2 + early M;565;10;PFOS;PFOS:10;;7;232;;
Large;565;10;PFOS;PFOS:10;;7;87;;
G0 + G1;565;1;PFOS;PFOS:1;;8;9866;;
Small;565;1;PFOS;PFOS:1;;8;191;;
S;565;1;PFOS;PFOS:1;;8;755;;
0:None;565;1;PFOS;PFOS:1;;8;24;;
late M;565;1;PFOS;PFOS:1;;8;171;;
G2 + early M;565;1;PFOS;PFOS:1;;8;236;;
Large;565;1;PFOS;PFOS:1;;8;34;;
G0 + G1;565;0,1;PFOS;PFOS:0,1;;9;7572;;
0:None;565;0,1;PFOS;PFOS:0,1;;9;45;;
Small;565;0,1;PFOS;PFOS:0,1;;9;111;;
S;565;0,1;PFOS;PFOS:0,1;;9;578;;
late M;565;0,1;PFOS;PFOS:0,1;;9;143;;
G2 + early M;565;0,1;PFOS;PFOS:0,1;;9;181;;
Large;565;0,1;PFOS;PFOS:0,1;;9;27;;
0:None;565;0,01;PFOS;PFOS:0,01;;10;24;;
G0 + G1;565;0,01;PFOS;PFOS:0,01;;10;10216;;
late M;565;0,01;PFOS;PFOS:0,01;;10;153;;
Small;565;0,01;PFOS;PFOS:0,01;;10;177;;
G2 + early M;565;0,01;PFOS;PFOS:0,01;;10;241;;
S;565;0,01;PFOS;PFOS:0,01;;10;699;;
Large;565;0,01;PFOS;PFOS:0,01;;10;48;;
G0 + G1;565;0;Control;Control:0;;11;9413;;
late M;565;0;Control;Control:0;;11;134;;
G2 + early M;565;0;Control;Control:0;;11;164;;
Small;565;0;Control;Control:0;;11;141;;
S;565;0;Control;Control:0;;11;346;;
0:None;565;0;Control;Control:0;;11;32;;
Large;565;0;Control;Control:0;;11;20;;
G0 + G1;565;0;Control;Control:0;;12;8891;;
Small;565;0;Control;Control:0;;12;303;;
S;565;0;Control;Control:0;;12;1342;;
late M;565;0;Control;Control:0;;12;198;;
0:None;565;0;Control;Control:0;;12;26;;
G2 + early M;565;0;Control;Control:0;;12;490;;
Large;565;0;Control;Control:0;;12;70;;
G0 + G1;565;100;PFBA;PFBA:100;;1;12018;;
G2 + early M;565;100;PFBA;PFBA:100;;1;480;;
late M;565;100;PFBA;PFBA:100;;1;188;;
Small;565;100;PFBA;PFBA:100;;1;474;;
S;565;100;PFBA;PFBA:100;;1;1621;;
0:None;565;100;PFBA;PFBA:100;;1;20;;
Large;565;100;PFBA;PFBA:100;;1;75;;
G0 + G1;565;10;PFBA;PFBA:10;;2;10442;;
late M;565;10;PFBA;PFBA:10;;2;176;;
Small;565;10;PFBA;PFBA:10;;2;198;;
S;565;10;PFBA;PFBA:10;;2;889;;
G2 + early M;565;10;PFBA;PFBA:10;;2;270;;
0:None;565;10;PFBA;PFBA:10;;2;30;;
Large;565;10;PFBA;PFBA:10;;2;43;;
G0 + G1;565;1;PFBA;PFBA:1;;3;13389;;
Small;565;1;PFBA;PFBA:1;;3;238;;
S;565;1;PFBA;PFBA:1;;3;1044;;
G2 + early M;565;1;PFBA;PFBA:1;;3;275;;
late M;565;1;PFBA;PFBA:1;;3;198;;
0:None;565;1;PFBA;PFBA:1;;3;14;;
Large;565;1;PFBA;PFBA:1;;3;44;;
G0 + G1;565;0,1;PFBA;PFBA:0,1;;4;9454;;
S;565;0,1;PFBA;PFBA:0,1;;4;718;;
0:None;565;0,1;PFBA;PFBA:0,1;;4;27;;
late M;565;0,1;PFBA;PFBA:0,1;;4;175;;
Small;565;0,1;PFBA;PFBA:0,1;;4;208;;
G2 + early M;565;0,1;PFBA;PFBA:0,1;;4;199;;
Large;565;0,1;PFBA;PFBA:0,1;;4;44;;
0:None;565;0,01;PFBA;PFBA:0,01;;5;21;;
G0 + G1;565;0,01;PFBA;PFBA:0,01;;5;8408;;
G2 + early M;565;0,01;PFBA;PFBA:0,01;;5;108;;
S;565;0,01;PFBA;PFBA:0,01;;5;330;;
Small;565;0,01;PFBA;PFBA:0,01;;5;109;;
late M;565;0,01;PFBA;PFBA:0,01;;5;92;;
Large;565;0,01;PFBA;PFBA:0,01;;5;22;;
G0 + G1;565;100;PFBS;PFBS:100;;6;7472;;
0:None;565;100;PFBS;PFBS:100;;6;60;;
G2 + early M;565;100;PFBS;PFBS:100;;6;128;;
S;565;100;PFBS;PFBS:100;;6;437;;
Small;565;100;PFBS;PFBS:100;;6;85;;
Large;565;100;PFBS;PFBS:100;;6;20;;
late M;565;100;PFBS;PFBS:100;;6;107;;
0:None;565;10;PFBS;PFBS:10;;7;27;;
late M;565;10;PFBS;PFBS:10;;7;259;;
Small;565;10;PFBS;PFBS:10;;7;226;;
G0 + G1;565;10;PFBS;PFBS:10;;7;12958;;
S;565;10;PFBS;PFBS:10;;7;757;;
G2 + early M;565;10;PFBS;PFBS:10;;7;243;;
Large;565;10;PFBS;PFBS:10;;7;66;;
G0 + G1;565;1;PFBS;PFBS:1;;8;10425;;
late M;565;1;PFBS;PFBS:1;;8;183;;
0:None;565;1;PFBS;PFBS:1;;8;30;;
S;565;1;PFBS;PFBS:1;;8;341;;
G2 + early M;565;1;PFBS;PFBS:1;;8;147;;
Small;565;1;PFBS;PFBS:1;;8;158;;
Large;565;1;PFBS;PFBS:1;;8;12;;
G0 + G1;565;0,1;PFBS;PFBS:0,1;;9;7365;;
0:None;565;0,1;PFBS;PFBS:0,1;;9;33;;
S;565;0,1;PFBS;PFBS:0,1;;9;346;;
Small;565;0,1;PFBS;PFBS:0,1;;9;118;;
G2 + early M;565;0,1;PFBS;PFBS:0,1;;9;123;;
late M;565;0,1;PFBS;PFBS:0,1;;9;113;;
Large;565;0,1;PFBS;PFBS:0,1;;9;21;;
G0 + G1;565;0,01;PFBS;PFBS:0,01;;10;10712;;
Large;565;0,01;PFBS;PFBS:0,01;;10;36;;
Small;565;0,01;PFBS;PFBS:0,01;;10;175;;
S;565;0,01;PFBS;PFBS:0,01;;10;451;;
0:None;565;0,01;PFBS;PFBS:0,01;;10;23;;
G2 + early M;565;0,01;PFBS;PFBS:0,01;;10;156;;
late M;565;0,01;PFBS;PFBS:0,01;;10;158;;
G0 + G1;565;0;Control;Control:0;;11;7347;;
Small;565;0;Control;Control:0;;11;128;;
G2 + early M;565;0;Control;Control:0;;11;117;;
0:None;565;0;Control;Control:0;;11;27;;
late M;565;0;Control;Control:0;;11;113;;
S;565;0;Control;Control:0;;11;287;;
Large;565;0;Control;Control:0;;11;11;;
S;565;0;Control;Control:0;;12;1622;;
Small;565;0;Control;Control:0;;12;317;;
G0 + G1;565;0;Control;Control:0;;12;9468;;
0:None;565;0;Control;Control:0;;12;40;;
late M;565;0;Control;Control:0;;12;201;;
G2 + early M;565;0;Control;Control:0;;12;558;;
Large;565;0;Control;Control:0;;12;74;;
G0 + G1;565;100;PFBA;PFBA:100;;1;8843;;
S;565;100;PFBA;PFBA:100;;1;840;;
0:None;565;100;PFBA;PFBA:100;;1;24;;
Small;565;100;PFBA;PFBA:100;;1;184;;
late M;565;100;PFBA;PFBA:100;;1;161;;
G2 + early M;565;100;PFBA;PFBA:100;;1;239;;
Large;565;100;PFBA;PFBA:100;;1;38;;
S;565;10;PFBA;PFBA:10;;2;337;;
G0 + G1;565;10;PFBA;PFBA:10;;2;6737;;
Small;565;10;PFBA;PFBA:10;;2;70;;
G2 + early M;565;10;PFBA;PFBA:10;;2;100;;
late M;565;10;PFBA;PFBA:10;;2;87;;
0:None;565;10;PFBA;PFBA:10;;2;26;;
Large;565;10;PFBA;PFBA:10;;2;17;;
0:None;565;1;PFBA;PFBA:1;;3;11;;
G0 + G1;565;1;PFBA;PFBA:1;;3;13271;;
S;565;1;PFBA;PFBA:1;;3;1056;;
Small;565;1;PFBA;PFBA:1;;3;227;;
late M;565;1;PFBA;PFBA:1;;3;207;;
G2 + early M;565;1;PFBA;PFBA:1;;3;292;;
Large;565;1;PFBA;PFBA:1;;3;66;;
G0 + G1;565;0,1;PFBA;PFBA:0,1;;4;8989;;
S;565;0,1;PFBA;PFBA:0,1;;4;441;;
0:None;565;0,1;PFBA;PFBA:0,1;;4;26;;
late M;565;0,1;PFBA;PFBA:0,1;;4;176;;
Small;565;0,1;PFBA;PFBA:0,1;;4;168;;
G2 + early M;565;0,1;PFBA;PFBA:0,1;;4;161;;
Large;565;0,1;PFBA;PFBA:0,1;;4;25;;
G2 + early M;565;0,01;PFBA;PFBA:0,01;;5;102;;
G0 + G1;565;0,01;PFBA;PFBA:0,01;;5;6906;;
late M;565;0,01;PFBA;PFBA:0,01;;5;83;;
S;565;0,01;PFBA;PFBA:0,01;;5;308;;
Small;565;0,01;PFBA;PFBA:0,01;;5;82;;
Large;565;0,01;PFBA;PFBA:0,01;;5;14;;
0:None;565;0,01;PFBA;PFBA:0,01;;5;22;;
S;565;100;PFBS;PFBS:100;;6;221;;
G0 + G1;565;100;PFBS;PFBS:100;;6;6509;;
0:None;565;100;PFBS;PFBS:100;;6;35;;
G2 + early M;565;100;PFBS;PFBS:100;;6;107;;
late M;565;100;PFBS;PFBS:100;;6;85;;
Small;565;100;PFBS;PFBS:100;;6;66;;
Large;565;100;PFBS;PFBS:100;;6;11;;
G0 + G1;565;10;PFBS;PFBS:10;;7;12158;;
late M;565;10;PFBS;PFBS:10;;7;157;;
G2 + early M;565;10;PFBS;PFBS:10;;7;215;;
0:None;565;10;PFBS;PFBS:10;;7;20;;
S;565;10;PFBS;PFBS:10;;7;618;;
Small;565;10;PFBS;PFBS:10;;7;183;;
Large;565;10;PFBS;PFBS:10;;7;47;;
G0 + G1;565;1;PFBS;PFBS:1;;8;10942;;
late M;565;1;PFBS;PFBS:1;;8;163;;
S;565;1;PFBS;PFBS:1;;8;344;;
Small;565;1;PFBS;PFBS:1;;8;151;;
0:None;565;1;PFBS;PFBS:1;;8;25;;
G2 + early M;565;1;PFBS;PFBS:1;;8;158;;
Large;565;1;PFBS;PFBS:1;;8;16;;
S;565;0,1;PFBS;PFBS:0,1;;9;314;;
G0 + G1;565;0,1;PFBS;PFBS:0,1;;9;7824;;
G2 + early M;565;0,1;PFBS;PFBS:0,1;;9;121;;
late M;565;0,1;PFBS;PFBS:0,1;;9;118;;
0:None;565;0,1;PFBS;PFBS:0,1;;9;41;;
Small;565;0,1;PFBS;PFBS:0,1;;9;99;;
Large;565;0,1;PFBS;PFBS:0,1;;9;16;;
late M;565;0,01;PFBS;PFBS:0,01;;10;181;;
G0 + G1;565;0,01;PFBS;PFBS:0,01;;10;9124;;
0:None;565;0,01;PFBS;PFBS:0,01;;10;38;;
Small;565;0,01;PFBS;PFBS:0,01;;10;126;;
Large;565;0,01;PFBS;PFBS:0,01;;10;17;;
S;565;0,01;PFBS;PFBS:0,01;;10;251;;
G2 + early M;565;0,01;PFBS;PFBS:0,01;;10;125;;
G0 + G1;565;0;Control;Control:0;;11;6920;;
late M;565;0;Control;Control:0;;11;77;;
S;565;0;Control;Control:0;;11;291;;
Small;565;0;Control;Control:0;;11;86;;
Large;565;0;Control;Control:0;;11;13;;
0:None;565;0;Control;Control:0;;11;40;;
G2 + early M;565;0;Control;Control:0;;11;86;;
G0 + G1;565;0;Control;Control:0;;12;8059;;
S;565;0;Control;Control:0;;12;1354;;
late M;565;0;Control;Control:0;;12;180;;
Small;565;0;Control;Control:0;;12;220;;
G2 + early M;565;0;Control;Control:0;;12;452;;
0:None;565;0;Control;Control:0;;12;26;;
Large;565;0;Control;Control:0;;12;46;;
G0 + G1;565;100;PFBA;PFBA:100;;1;10727;;
late M;565;100;PFBA;PFBA:100;;1;186;;
S;565;100;PFBA;PFBA:100;;1;986;;
G2 + early M;565;100;PFBA;PFBA:100;;1;261;;
Small;565;100;PFBA;PFBA:100;;1;227;;
Large;565;100;PFBA;PFBA:100;;1;55;;
0:None;565;100;PFBA;PFBA:100;;1;33;;
G0 + G1;565;10;PFBA;PFBA:10;;2;6560;;
S;565;10;PFBA;PFBA:10;;2;370;;
Small;565;10;PFBA;PFBA:10;;2;81;;
G2 + early M;565;10;PFBA;PFBA:10;;2;140;;
late M;565;10;PFBA;PFBA:10;;2;74;;
0:None;565;10;PFBA;PFBA:10;;2;32;;
Large;565;10;PFBA;PFBA:10;;2;10;;
G2 + early M;565;1;PFBA;PFBA:1;;3;238;;
G0 + G1;565;1;PFBA;PFBA:1;;3;11809;;
late M;565;1;PFBA;PFBA:1;;3;178;;
Small;565;1;PFBA;PFBA:1;;3;182;;
S;565;1;PFBA;PFBA:1;;3;1007;;
0:None;565;1;PFBA;PFBA:1;;3;20;;
Large;565;1;PFBA;PFBA:1;;3;49;;
G0 + G1;565;0,1;PFBA;PFBA:0,1;;4;7674;;
S;565;0,1;PFBA;PFBA:0,1;;4;378;;
0:None;565;0,1;PFBA;PFBA:0,1;;4;29;;
G2 + early M;565;0,1;PFBA;PFBA:0,1;;4;129;;
Small;565;0,1;PFBA;PFBA:0,1;;4;98;;
late M;565;0,1;PFBA;PFBA:0,1;;4;130;;
Large;565;0,1;PFBA;PFBA:0,1;;4;19;;
G0 + G1;565;0,01;PFBA;PFBA:0,01;;5;4921;;
Small;565;0,01;PFBA;PFBA:0,01;;5;43;;
0:None;565;0,01;PFBA;PFBA:0,01;;5;22;;
G2 + early M;565;0,01;PFBA;PFBA:0,01;;5;72;;
S;565;0,01;PFBA;PFBA:0,01;;5;207;;
Large;565;0,01;PFBA;PFBA:0,01;;5;6;;
late M;565;0,01;PFBA;PFBA:0,01;;5;62;;
late M;565;100;PFBS;PFBS:100;;6;97;;
G0 + G1;565;100;PFBS;PFBS:100;;6;5758;;
0:None;565;100;PFBS;PFBS:100;;6;60;;
G2 + early M;565;100;PFBS;PFBS:100;;6;89;;
S;565;100;PFBS;PFBS:100;;6;174;;
Small;565;100;PFBS;PFBS:100;;6;41;;
Large;565;100;PFBS;PFBS:100;;6;13;;
G0 + G1;565;10;PFBS;PFBS:10;;7;9625;;
S;565;10;PFBS;PFBS:10;;7;567;;
0:None;565;10;PFBS;PFBS:10;;7;35;;
Small;565;10;PFBS;PFBS:10;;7;137;;
G2 + early M;565;10;PFBS;PFBS:10;;7;179;;
late M;565;10;PFBS;PFBS:10;;7;157;;
Large;565;10;PFBS;PFBS:10;;7;41;;
G0 + G1;565;1;PFBS;PFBS:1;;8;8257;;
S;565;1;PFBS;PFBS:1;;8;508;;
Small;565;1;PFBS;PFBS:1;;8;148;;
late M;565;1;PFBS;PFBS:1;;8;152;;
G2 + early M;565;1;PFBS;PFBS:1;;8;151;;
Large;565;1;PFBS;PFBS:1;;8;32;;
0:None;565;1;PFBS;PFBS:1;;8;27;;
G0 + G1;565;0,1;PFBS;PFBS:0,1;;9;7919;;
G2 + early M;565;0,1;PFBS;PFBS:0,1;;9;119;;
0:None;565;0,1;PFBS;PFBS:0,1;;9;34;;
Small;565;0,1;PFBS;PFBS:0,1;;9;108;;
late M;565;0,1;PFBS;PFBS:0,1;;9;135;;
S;565;0,1;PFBS;PFBS:0,1;;9;432;;
Large;565;0,1;PFBS;PFBS:0,1;;9;24;;
late M;565;0,01;PFBS;PFBS:0,01;;10;141;;
G2 + early M;565;0,01;PFBS;PFBS:0,01;;10;87;;
Small;565;0,01;PFBS;PFBS:0,01;;10;105;;
G0 + G1;565;0,01;PFBS;PFBS:0,01;;10;6380;;
S;565;0,01;PFBS;PFBS:0,01;;10;231;;
Large;565;0,01;PFBS;PFBS:0,01;;10;11;;
0:None;565;0,01;PFBS;PFBS:0,01;;10;37;;
G0 + G1;565;0;Control;Control:0;;11;6320;;
Small;565;0;Control;Control:0;;11;115;;
0:None;565;0;Control;Control:0;;11;66;;
Large;565;0;Control;Control:0;;11;8;;
G2 + early M;565;0;Control;Control:0;;11;68;;
S;565;0;Control;Control:0;;11;121;;
late M;565;0;Control;Control:0;;11;84;;
G0 + G1;565;0;Control;Control:0;;12;6668;;
S;565;0;Control;Control:0;;12;666;;
G2 + early M;565;0;Control;Control:0;;12;252;;
0:None;565;0;Control;Control:0;;12;46;;
late M;565;0;Control;Control:0;;12;130;;
Small;565;0;Control;Control:0;;12;139;;
Large;565;0;Control;Control:0;;12;15;;
G0 + G1;565;0,01;C6O4;C6O4:0,01;;1;7194;;
S;565;0,01;C6O4;C6O4:0,01;;1;537;;
Large;565;0,01;C6O4;C6O4:0,01;;1;29;;
0:None;565;0,01;C6O4;C6O4:0,01;;1;32;;
G2 + early M;565;0,01;C6O4;C6O4:0,01;;1;148;;
late M;565;0,01;C6O4;C6O4:0,01;;1;124;;
Small;565;0,01;C6O4;C6O4:0,01;;1;122;;
G0 + G1;565;0,01;C6O4;C6O4:0,01;;2;6392;;
Small;565;0,01;C6O4;C6O4:0,01;;2;106;;
G2 + early M;565;0,01;C6O4;C6O4:0,01;;2;107;;
S;565;0,01;C6O4;C6O4:0,01;;2;316;;
0:None;565;0,01;C6O4;C6O4:0,01;;2;33;;
late M;565;0,01;C6O4;C6O4:0,01;;2;115;;
Large;565;0,01;C6O4;C6O4:0,01;;2;11;;
G0 + G1;565;0,01;C6O4;C6O4:0,01;;3;9047;;
late M;565;0,01;C6O4;C6O4:0,01;;3;125;;
G2 + early M;565;0,01;C6O4;C6O4:0,01;;3;124;;
S;565;0,01;C6O4;C6O4:0,01;;3;365;;
Small;565;0,01;C6O4;C6O4:0,01;;3;111;;
0:None;565;0,01;C6O4;C6O4:0,01;;3;27;;
Large;565;0,01;C6O4;C6O4:0,01;;3;16;;
G0 + G1;565;0,1;C6O4;C6O4:0,1;;4;4088;;
S;565;0,1;C6O4;C6O4:0,1;;4;179;;
0:None;565;0,1;C6O4;C6O4:0,1;;4;34;;
Small;565;0,1;C6O4;C6O4:0,1;;4;48;;
G2 + early M;565;0,1;C6O4;C6O4:0,1;;4;62;;
late M;565;0,1;C6O4;C6O4:0,1;;4;66;;
Large;565;0,1;C6O4;C6O4:0,1;;4;6;;
G0 + G1;565;0,1;C6O4;C6O4:0,1;;5;4096;;
S;565;0,1;C6O4;C6O4:0,1;;5;167;;
0:None;565;0,1;C6O4;C6O4:0,1;;5;30;;
late M;565;0,1;C6O4;C6O4:0,1;;5;56;;
Small;565;0,1;C6O4;C6O4:0,1;;5;44;;
G2 + early M;565;0,1;C6O4;C6O4:0,1;;5;59;;
Large;565;0,1;C6O4;C6O4:0,1;;5;5;;
G0 + G1;565;0,1;C6O4;C6O4:0,1;;6;6628;;
G2 + early M;565;0,1;C6O4;C6O4:0,1;;6;86;;
0:None;565;0,1;C6O4;C6O4:0,1;;6;38;;
S;565;0,1;C6O4;C6O4:0,1;;6;251;;
Small;565;0,1;C6O4;C6O4:0,1;;6;65;;
late M;565;0,1;C6O4;C6O4:0,1;;6;101;;
Large;565;0,1;C6O4;C6O4:0,1;;6;14;;
G2 + early M;565;1;C6O4;C6O4:1;;7;226;;
G0 + G1;565;1;C6O4;C6O4:1;;7;7212;;
0:None;565;1;C6O4;C6O4:1;;7;38;;
Small;565;1;C6O4;C6O4:1;;7;105;;
S;565;1;C6O4;C6O4:1;;7;786;;
late M;565;1;C6O4;C6O4:1;;7;150;;
Large;565;1;C6O4;C6O4:1;;7;29;;
G0 + G1;565;1;C6O4;C6O4:1;;8;4966;;
Small;565;1;C6O4;C6O4:1;;8;62;;
S;565;1;C6O4;C6O4:1;;8;159;;
late M;565;1;C6O4;C6O4:1;;8;66;;
0:None;565;1;C6O4;C6O4:1;;8;39;;
G2 + early M;565;1;C6O4;C6O4:1;;8;89;;
Large;565;1;C6O4;C6O4:1;;8;7;;
G0 + G1;565;1;C6O4;C6O4:1;;9;7789;;
0:None;565;1;C6O4;C6O4:1;;9;31;;
Small;565;1;C6O4;C6O4:1;;9;90;;
late M;565;1;C6O4;C6O4:1;;9;150;;
S;565;1;C6O4;C6O4:1;;9;301;;
G2 + early M;565;1;C6O4;C6O4:1;;9;115;;
Large;565;1;C6O4;C6O4:1;;9;18;;
G0 + G1;565;0;Control;Control:0;;10;9134;;
G2 + early M;565;0;Control;Control:0;;10;145;;
0:None;565;0;Control;Control:0;;10;30;;
late M;565;0;Control;Control:0;;10;117;;
Small;565;0;Control;Control:0;;10;144;;
S;565;0;Control;Control:0;;10;338;;
Large;565;0;Control;Control:0;;10;20;;
G0 + G1;565;0;Control;Control:0;;11;6743;;
S;565;0;Control;Control:0;;11;181;;
Small;565;0;Control;Control:0;;11;99;;
late M;565;0;Control;Control:0;;11;63;;
0:None;565;0;Control;Control:0;;11;43;;
G2 + early M;565;0;Control;Control:0;;11;69;;
Large;565;0;Control;Control:0;;11;13;;
G0 + G1;565;0;Control;Control:0;;12;7425;;
Small;565;0;Control;Control:0;;12;211;;
S;565;0;Control;Control:0;;12;821;;
late M;565;0;Control;Control:0;;12;137;;
G2 + early M;565;0;Control;Control:0;;12;256;;
0:None;565;0;Control;Control:0;;12;41;;
Large;565;0;Control;Control:0;;12;43;;
S;565;10;C6O4;C6O4:10;;1;487;;
G0 + G1;565;10;C6O4;C6O4:10;;1;8798;;
late M;565;10;C6O4;C6O4:10;;1;148;;
Small;565;10;C6O4;C6O4:10;;1;134;;
Large;565;10;C6O4;C6O4:10;;1;28;;
G2 + early M;565;10;C6O4;C6O4:10;;1;164;;
0:None;565;10;C6O4;C6O4:10;;1;41;;
0:None;565;10;C6O4;C6O4:10;;2;60;;
G0 + G1;565;10;C6O4;C6O4:10;;2;6649;;
S;565;10;C6O4;C6O4:10;;2;748;;
Small;565;10;C6O4;C6O4:10;;2;127;;
late M;565;10;C6O4;C6O4:10;;2;101;;
G2 + early M;565;10;C6O4;C6O4:10;;2;200;;
Large;565;10;C6O4;C6O4:10;;2;33;;
G0 + G1;565;10;C6O4;C6O4:10;;3;5074;;
S;565;10;C6O4;C6O4:10;;3;268;;
Small;565;10;C6O4;C6O4:10;;3;70;;
0:None;565;10;C6O4;C6O4:10;;3;43;;
late M;565;10;C6O4;C6O4:10;;3;78;;
Large;565;10;C6O4;C6O4:10;;3;14;;
G2 + early M;565;10;C6O4;C6O4:10;;3;62;;
G0 + G1;565;100;C6O4;C6O4:100;;4;6132;;
S;565;100;C6O4;C6O4:100;;4;502;;
G2 + early M;565;100;C6O4;C6O4:100;;4;150;;
0:None;565;100;C6O4;C6O4:100;;4;25;;
late M;565;100;C6O4;C6O4:100;;4;93;;
Small;565;100;C6O4;C6O4:100;;4;83;;
Large;565;100;C6O4;C6O4:100;;4;19;;
G0 + G1;565;100;C6O4;C6O4:100;;5;4396;;
0:None;565;100;C6O4;C6O4:100;;5;29;;
Small;565;100;C6O4;C6O4:100;;5;60;;
S;565;100;C6O4;C6O4:100;;5;207;;
G2 + early M;565;100;C6O4;C6O4:100;;5;68;;
late M;565;100;C6O4;C6O4:100;;5;37;;
Large;565;100;C6O4;C6O4:100;;5;4;;
Small;565;100;C6O4;C6O4:100;;6;41;;
G0 + G1;565;100;C6O4;C6O4:100;;6;3792;;
G2 + early M;565;100;C6O4;C6O4:100;;6;64;;
S;565;100;C6O4;C6O4:100;;6;175;;
late M;565;100;C6O4;C6O4:100;;6;51;;
0:None;565;100;C6O4;C6O4:100;;6;21;;
Large;565;100;C6O4;C6O4:100;;6;5;;
G0 + G1;565;0;Control;Control:0;;7;11298;;
S;565;0;Control;Control:0;;7;1129;;
G2 + early M;565;0;Control;Control:0;;7;303;;
Small;565;0;Control;Control:0;;7;167;;
late M;565;0;Control;Control:0;;7;212;;
Large;565;0;Control;Control:0;;7;33;;
0:None;565;0;Control;Control:0;;7;24;;
G0 + G1;565;0;Control;Control:0;;8;4870;;
0:None;565;0;Control;Control:0;;8;35;;
G2 + early M;565;0;Control;Control:0;;8;85;;
Small;565;0;Control;Control:0;;8;61;;
S;565;0;Control;Control:0;;8;286;;
late M;565;0;Control;Control:0;;8;55;;
Large;565;0;Control;Control:0;;8;11;;
G0 + G1;565;0;Control;Control:0;;9;6476;;
S;565;0;Control;Control:0;;9;883;;
0:None;565;0;Control;Control:0;;9;35;;
Small;565;0;Control;Control:0;;9;192;;
late M;565;0;Control;Control:0;;9;99;;
G2 + early M;565;0;Control;Control:0;;9;275;;
Large;565;0;Control;Control:0;;9;35;;
G0 + G1;565;0;Control;Control:0;;10;9022;;
late M;565;0;Control;Control:0;;10;145;;
Small;565;0;Control;Control:0;;10;139;;
S;565;0;Control;Control:0;;10;373;;
G2 + early M;565;0;Control;Control:0;;10;132;;
Large;565;0;Control;Control:0;;10;21;;
0:None;565;0;Control;Control:0;;10;43;;
G0 + G1;565;0;Control;Control:0;;11;8907;;
late M;565;0;Control;Control:0;;11;120;;
S;565;0;Control;Control:0;;11;517;;
Small;565;0;Control;Control:0;;11;136;;
G2 + early M;565;0;Control;Control:0;;11;156;;
0:None;565;0;Control;Control:0;;11;27;;
Large;565;0;Control;Control:0;;11;8;;
G2 + early M;565;0;Control;Control:0;;12;112;;
G0 + G1;565;0;Control;Control:0;;12;6886;;
S;565;0;Control;Control:0;;12;501;;
Small;565;0;Control;Control:0;;12;143;;
late M;565;0;Control;Control:0;;12;121;;
0:None;565;0;Control;Control:0;;12;27;;
Large;565;0;Control;Control:0;;12;24;;
G0 + G1;564;100;PFOA;PFOA:100;;1;13626;;
G2 + early M;564;100;PFOA;PFOA:100;;1;1256;;
S;564;100;PFOA;PFOA:100;;1;3760;;
Small;564;100;PFOA;PFOA:100;;1;393;;
late M;564;100;PFOA;PFOA:100;;1;323;;
Large;564;100;PFOA;PFOA:100;;1;105;;
0:None;564;100;PFOA;PFOA:100;;1;13;;
G0 + G1;564;10;PFOA;PFOA:10;;2;14650;;
S;564;10;PFOA;PFOA:10;;2;2721;;
Small;564;10;PFOA;PFOA:10;;2;496;;
late M;564;10;PFOA;PFOA:10;;2;307;;
G2 + early M;564;10;PFOA;PFOA:10;;2;776;;
Large;564;10;PFOA;PFOA:10;;2;114;;
0:None;564;10;PFOA;PFOA:10;;2;13;;
G0 + G1;564;1;PFOA;PFOA:1;;3;11154;;
Small;564;1;PFOA;PFOA:1;;3;491;;
S;564;1;PFOA;PFOA:1;;3;2657;;
G2 + early M;564;1;PFOA;PFOA:1;;3;939;;
late M;564;1;PFOA;PFOA:1;;3;266;;
0:None;564;1;PFOA;PFOA:1;;3;20;;
Large;564;1;PFOA;PFOA:1;;3;107;;
S;564;0,1;PFOA;PFOA:0,1;;4;2731;;
Small;564;0,1;PFOA;PFOA:0,1;;4;475;;
G0 + G1;564;0,1;PFOA;PFOA:0,1;;4;13020;;
G2 + early M;564;0,1;PFOA;PFOA:0,1;;4;1087;;
late M;564;0,1;PFOA;PFOA:0,1;;4;326;;
Large;564;0,1;PFOA;PFOA:0,1;;4;109;;
0:None;564;0,1;PFOA;PFOA:0,1;;4;19;;
G0 + G1;564;0,01;PFOA;PFOA:0,01;;5;15185;;
G2 + early M;564;0,01;PFOA;PFOA:0,01;;5;927;;
S;564;0,01;PFOA;PFOA:0,01;;5;3240;;
Small;564;0,01;PFOA;PFOA:0,01;;5;451;;
late M;564;0,01;PFOA;PFOA:0,01;;5;297;;
Large;564;0,01;PFOA;PFOA:0,01;;5;109;;
0:None;564;0,01;PFOA;PFOA:0,01;;5;16;;
G0 + G1;564;100;PFOS;PFOS:100;;6;13362;;
S;564;100;PFOS;PFOS:100;;6;3227;;
late M;564;100;PFOS;PFOS:100;;6;268;;
Small;564;100;PFOS;PFOS:100;;6;329;;
G2 + early M;564;100;PFOS;PFOS:100;;6;894;;
0:None;564;100;PFOS;PFOS:100;;6;15;;
Large;564;100;PFOS;PFOS:100;;6;96;;
G0 + G1;564;10;PFOS;PFOS:10;;7;11561;;
S;564;10;PFOS;PFOS:10;;7;2634;;
G2 + early M;564;10;PFOS;PFOS:10;;7;1042;;
late M;564;10;PFOS;PFOS:10;;7;336;;
Small;564;10;PFOS;PFOS:10;;7;455;;
Large;564;10;PFOS;PFOS:10;;7;82;;
0:None;564;10;PFOS;PFOS:10;;7;12;;
G0 + G1;564;1;PFOS;PFOS:1;;8;11497;;
S;564;1;PFOS;PFOS:1;;8;3378;;
G2 + early M;564;1;PFOS;PFOS:1;;8;1343;;
Large;564;1;PFOS;PFOS:1;;8;80;;
Small;564;1;PFOS;PFOS:1;;8;417;;
late M;564;1;PFOS;PFOS:1;;8;303;;
0:None;564;1;PFOS;PFOS:1;;8;18;;
G0 + G1;564;0,1;PFOS;PFOS:0,1;;9;13974;;
G2 + early M;564;0,1;PFOS;PFOS:0,1;;9;637;;
S;564;0,1;PFOS;PFOS:0,1;;9;2341;;
Small;564;0,1;PFOS;PFOS:0,1;;9;418;;
late M;564;0,1;PFOS;PFOS:0,1;;9;316;;
0:None;564;0,1;PFOS;PFOS:0,1;;9;17;;
Large;564;0,1;PFOS;PFOS:0,1;;9;56;;
S;564;0,01;PFOS;PFOS:0,01;;10;5176;;
G0 + G1;564;0,01;PFOS;PFOS:0,01;;10;14008;;
Small;564;0,01;PFOS;PFOS:0,01;;10;754;;
G2 + early M;564;0,01;PFOS;PFOS:0,01;;10;1946;;
Large;564;0,01;PFOS;PFOS:0,01;;10;157;;
late M;564;0,01;PFOS;PFOS:0,01;;10;429;;
0:None;564;0,01;PFOS;PFOS:0,01;;10;15;;
G0 + G1;564;0;Control;Control:0;;11;12494;;
Small;564;0;Control;Control:0;;11;451;;
late M;564;0;Control;Control:0;;11;278;;
G2 + early M;564;0;Control;Control:0;;11;877;;
S;564;0;Control;Control:0;;11;2618;;
0:None;564;0;Control;Control:0;;11;31;;
Large;564;0;Control;Control:0;;11;86;;
G0 + G1;564;0;Control;Control:0;;12;13617;;
Small;564;0;Control;Control:0;;12;339;;
S;564;0;Control;Control:0;;12;2858;;
late M;564;0;Control;Control:0;;12;325;;
G2 + early M;564;0;Control;Control:0;;12;935;;
Large;564;0;Control;Control:0;;12;84;;
0:None;564;0;Control;Control:0;;12;17;;
G0 + G1;564;100;PFOA;PFOA:100;;1;15573;;
S;564;100;PFOA;PFOA:100;;1;4036;;
G2 + early M;564;100;PFOA;PFOA:100;;1;1073;;
late M;564;100;PFOA;PFOA:100;;1;315;;
Large;564;100;PFOA;PFOA:100;;1;116;;
Small;564;100;PFOA;PFOA:100;;1;466;;
0:None;564;100;PFOA;PFOA:100;;1;26;;
G0 + G1;564;10;PFOA;PFOA:10;;2;14034;;
S;564;10;PFOA;PFOA:10;;2;2236;;
late M;564;10;PFOA;PFOA:10;;2;271;;
G2 + early M;564;10;PFOA;PFOA:10;;2;640;;
Small;564;10;PFOA;PFOA:10;;2;390;;
Large;564;10;PFOA;PFOA:10;;2;90;;
0:None;564;10;PFOA;PFOA:10;;2;16;;
G0 + G1;564;1;PFOA;PFOA:1;;3;14257;;
S;564;1;PFOA;PFOA:1;;3;3519;;
Large;564;1;PFOA;PFOA:1;;3;149;;
Small;564;1;PFOA;PFOA:1;;3;523;;
G2 + early M;564;1;PFOA;PFOA:1;;3;1117;;
late M;564;1;PFOA;PFOA:1;;3;289;;
0:None;564;1;PFOA;PFOA:1;;3;16;;
G0 + G1;564;0,1;PFOA;PFOA:0,1;;4;13410;;
G2 + early M;564;0,1;PFOA;PFOA:0,1;;4;408;;
S;564;0,1;PFOA;PFOA:0,1;;4;1518;;
late M;564;0,1;PFOA;PFOA:0,1;;4;302;;
0:None;564;0,1;PFOA;PFOA:0,1;;4;13;;
Small;564;0,1;PFOA;PFOA:0,1;;4;304;;
Large;564;0,1;PFOA;PFOA:0,1;;4;54;;
G0 + G1;564;0,01;PFOA;PFOA:0,01;;5;15544;;
G2 + early M;564;0,01;PFOA;PFOA:0,01;;5;465;;
Small;564;0,01;PFOA;PFOA:0,01;;5;351;;
S;564;0,01;PFOA;PFOA:0,01;;5;2076;;
late M;564;0,01;PFOA;PFOA:0,01;;5;212;;
Large;564;0,01;PFOA;PFOA:0,01;;5;93;;
0:None;564;0,01;PFOA;PFOA:0,01;;5;23;;
G0 + G1;564;100;PFOS;PFOS:100;;6;10376;;
S;564;100;PFOS;PFOS:100;;6;3554;;
late M;564;100;PFOS;PFOS:100;;6;478;;
G2 + early M;564;100;PFOS;PFOS:100;;6;2498;;
Small;564;100;PFOS;PFOS:100;;6;711;;
Large;564;100;PFOS;PFOS:100;;6;126;;
0:None;564;100;PFOS;PFOS:100;;6;31;;
G0 + G1;564;10;PFOS;PFOS:10;;7;13233;;
S;564;10;PFOS;PFOS:10;;7;3521;;
Small;564;10;PFOS;PFOS:10;;7;518;;
G2 + early M;564;10;PFOS;PFOS:10;;7;1050;;
late M;564;10;PFOS;PFOS:10;;7;353;;
Large;564;10;PFOS;PFOS:10;;7;81;;
0:None;564;10;PFOS;PFOS:10;;7;16;;
G0 + G1;564;1;PFOS;PFOS:1;;8;10052;;
0:None;564;1;PFOS;PFOS:1;;8;35;;
Small;564;1;PFOS;PFOS:1;;8;249;;
S;564;1;PFOS;PFOS:1;;8;2015;;
late M;564;1;PFOS;PFOS:1;;8;226;;
G2 + early M;564;1;PFOS;PFOS:1;;8;604;;
Large;564;1;PFOS;PFOS:1;;8;54;;
G0 + G1;564;0,1;PFOS;PFOS:0,1;;9;15382;;
S;564;0,1;PFOS;PFOS:0,1;;9;2868;;
Small;564;0,1;PFOS;PFOS:0,1;;9;441;;
G2 + early M;564;0,1;PFOS;PFOS:0,1;;9;686;;
late M;564;0,1;PFOS;PFOS:0,1;;9;323;;
Large;564;0,1;PFOS;PFOS:0,1;;9;78;;
0:None;564;0,1;PFOS;PFOS:0,1;;9;8;;
G0 + G1;564;0,01;PFOS;PFOS:0,01;;10;11882;;
S;564;0,01;PFOS;PFOS:0,01;;10;2962;;
Small;564;0,01;PFOS;PFOS:0,01;;10;592;;
late M;564;0,01;PFOS;PFOS:0,01;;10;296;;
G2 + early M;564;0,01;PFOS;PFOS:0,01;;10;1100;;
Large;564;0,01;PFOS;PFOS:0,01;;10;80;;
0:None;564;0,01;PFOS;PFOS:0,01;;10;18;;
G0 + G1;564;0;Control;Control:0;;11;13073;;
G2 + early M;564;0;Control;Control:0;;11;1323;;
S;564;0;Control;Control:0;;11;3111;;
late M;564;0;Control;Control:0;;11;358;;
Small;564;0;Control;Control:0;;11;534;;
Large;564;0;Control;Control:0;;11;91;;
0:None;564;0;Control;Control:0;;11;20;;
G0 + G1;564;0;Control;Control:0;;12;12957;;
G2 + early M;564;0;Control;Control:0;;12;984;;
S;564;0;Control;Control:0;;12;2669;;
late M;564;0;Control;Control:0;;12;283;;
0:None;564;0;Control;Control:0;;12;7;;
Small;564;0;Control;Control:0;;12;318;;
Large;564;0;Control;Control:0;;12;78;;
G0 + G1;564;100;PFOA;PFOA:100;;1;14755;;
S;564;100;PFOA;PFOA:100;;1;3100;;
G2 + early M;564;100;PFOA;PFOA:100;;1;804;;
late M;564;100;PFOA;PFOA:100;;1;311;;
Small;564;100;PFOA;PFOA:100;;1;288;;
Large;564;100;PFOA;PFOA:100;;1;88;;
0:None;564;100;PFOA;PFOA:100;;1;10;;
S;564;10;PFOA;PFOA:10;;2;2696;;
G0 + G1;564;10;PFOA;PFOA:10;;2;11475;;
G2 + early M;564;10;PFOA;PFOA:10;;2;925;;
late M;564;10;PFOA;PFOA:10;;2;284;;
0:None;564;10;PFOA;PFOA:10;;2;9;;
Small;564;10;PFOA;PFOA:10;;2;366;;
Large;564;10;PFOA;PFOA:10;;2;82;;
G0 + G1;564;1;PFOA;PFOA:1;;3;14291;;
S;564;1;PFOA;PFOA:1;;3;2454;;
late M;564;1;PFOA;PFOA:1;;3;282;;
Small;564;1;PFOA;PFOA:1;;3;448;;
G2 + early M;564;1;PFOA;PFOA:1;;3;619;;
Large;564;1;PFOA;PFOA:1;;3;85;;
0:None;564;1;PFOA;PFOA:1;;3;8;;
G0 + G1;564;0,1;PFOA;PFOA:0,1;;4;14398;;
0:None;564;0,1;PFOA;PFOA:0,1;;4;4;;
G2 + early M;564;0,1;PFOA;PFOA:0,1;;4;676;;
late M;564;0,1;PFOA;PFOA:0,1;;4;291;;
S;564;0,1;PFOA;PFOA:0,1;;4;2681;;
Small;564;0,1;PFOA;PFOA:0,1;;4;313;;
Large;564;0,1;PFOA;PFOA:0,1;;4;76;;
G0 + G1;564;0,01;PFOA;PFOA:0,01;;5;15152;;
S;564;0,01;PFOA;PFOA:0,01;;5;3976;;
Small;564;0,01;PFOA;PFOA:0,01;;5;404;;
late M;564;0,01;PFOA;PFOA:0,01;;5;291;;
G2 + early M;564;0,01;PFOA;PFOA:0,01;;5;900;;
Large;564;0,01;PFOA;PFOA:0,01;;5;105;;
0:None;564;0,01;PFOA;PFOA:0,01;;5;9;;
G0 + G1;564;100;PFOS;PFOS:100;;6;15102;;
S;564;100;PFOS;PFOS:100;;6;2688;;
late M;564;100;PFOS;PFOS:100;;6;355;;
G2 + early M;564;100;PFOS;PFOS:100;;6;606;;
Small;564;100;PFOS;PFOS:100;;6;335;;
Large;564;100;PFOS;PFOS:100;;6;80;;
0:None;564;100;PFOS;PFOS:100;;6;7;;
G0 + G1;564;10;PFOS;PFOS:10;;7;14891;;
S;564;10;PFOS;PFOS:10;;7;2339;;
late M;564;10;PFOS;PFOS:10;;7;267;;
Small;564;10;PFOS;PFOS:10;;7;351;;
G2 + early M;564;10;PFOS;PFOS:10;;7;532;;
Large;564;10;PFOS;PFOS:10;;7;54;;
0:None;564;10;PFOS;PFOS:10;;7;6;;
G0 + G1;564;1;PFOS;PFOS:1;;8;12148;;
late M;564;1;PFOS;PFOS:1;;8;239;;
Small;564;1;PFOS;PFOS:1;;8;230;;
G2 + early M;564;1;PFOS;PFOS:1;;8;492;;
S;564;1;PFOS;PFOS:1;;8;1990;;
Large;564;1;PFOS;PFOS:1;;8;51;;
0:None;564;1;PFOS;PFOS:1;;8;9;;
G0 + G1;564;0,1;PFOS;PFOS:0,1;;9;12601;;
S;564;0,1;PFOS;PFOS:0,1;;9;2340;;
0:None;564;0,1;PFOS;PFOS:0,1;;9;16;;
G2 + early M;564;0,1;PFOS;PFOS:0,1;;9;629;;
late M;564;0,1;PFOS;PFOS:0,1;;9;261;;
Small;564;0,1;PFOS;PFOS:0,1;;9;307;;
Large;564;0,1;PFOS;PFOS:0,1;;9;87;;
G0 + G1;564;0,01;PFOS;PFOS:0,01;;10;11831;;
G2 + early M;564;0,01;PFOS;PFOS:0,01;;10;1389;;
S;564;0,01;PFOS;PFOS:0,01;;10;3105;;
Small;564;0,01;PFOS;PFOS:0,01;;10;609;;
late M;564;0,01;PFOS;PFOS:0,01;;10;306;;
Large;564;0,01;PFOS;PFOS:0,01;;10;72;;
0:None;564;0,01;PFOS;PFOS:0,01;;10;15;;
G0 + G1;564;0;Control;Control:0;;11;11354;;
late M;564;0;Control;Control:0;;11;257;;
Small;564;0;Control;Control:0;;11;265;;
Large;564;0;Control;Control:0;;11;32;;
G2 + early M;564;0;Control;Control:0;;11;536;;
S;564;0;Control;Control:0;;11;1865;;
0:None;564;0;Control;Control:0;;11;9;;
G0 + G1;564;0;Control;Control:0;;12;12354;;
late M;564;0;Control;Control:0;;12;273;;
G2 + early M;564;0;Control;Control:0;;12;1048;;
Small;564;0;Control;Control:0;;12;331;;
S;564;0;Control;Control:0;;12;3145;;
Large;564;0;Control;Control:0;;12;69;;
0:None;564;0;Control;Control:0;;12;14;;
G0 + G1;564;100;PFBA;PFBA:100;;1;13680;;
S;564;100;PFBA;PFBA:100;;1;3188;;
late M;564;100;PFBA;PFBA:100;;1;260;;
0:None;564;100;PFBA;PFBA:100;;1;19;;
G2 + early M;564;100;PFBA;PFBA:100;;1;1040;;
Small;564;100;PFBA;PFBA:100;;1;409;;
Large;564;100;PFBA;PFBA:100;;1;94;;
G0 + G1;564;10;PFBA;PFBA:10;;2;11998;;
S;564;10;PFBA;PFBA:10;;2;2586;;
late M;564;10;PFBA;PFBA:10;;2;233;;
G2 + early M;564;10;PFBA;PFBA:10;;2;836;;
Small;564;10;PFBA;PFBA:10;;2;306;;
0:None;564;10;PFBA;PFBA:10;;2;13;;
Large;564;10;PFBA;PFBA:10;;2;86;;
G0 + G1;564;1;PFBA;PFBA:1;;3;14771;;
G2 + early M;564;1;PFBA;PFBA:1;;3;691;;
S;564;1;PFBA;PFBA:1;;3;2637;;
late M;564;1;PFBA;PFBA:1;;3;244;;
Small;564;1;PFBA;PFBA:1;;3;402;;
0:None;564;1;PFBA;PFBA:1;;3;11;;
Large;564;1;PFBA;PFBA:1;;3;95;;
G0 + G1;564;0,1;PFBA;PFBA:0,1;;4;15503;;
S;564;0,1;PFBA;PFBA:0,1;;4;2364;;
G2 + early M;564;0,1;PFBA;PFBA:0,1;;4;526;;
Small;564;0,1;PFBA;PFBA:0,1;;4;313;;
late M;564;0,1;PFBA;PFBA:0,1;;4;316;;
Large;564;0,1;PFBA;PFBA:0,1;;4;86;;
0:None;564;0,1;PFBA;PFBA:0,1;;4;6;;
G0 + G1;564;0,01;PFBA;PFBA:0,01;;5;14599;;
S;564;0,01;PFBA;PFBA:0,01;;5;2388;;
late M;564;0,01;PFBA;PFBA:0,01;;5;253;;
G2 + early M;564;0,01;PFBA;PFBA:0,01;;5;508;;
Small;564;0,01;PFBA;PFBA:0,01;;5;291;;
Large;564;0,01;PFBA;PFBA:0,01;;5;73;;
0:None;564;0,01;PFBA;PFBA:0,01;;5;11;;
G0 + G1;564;100;PFBS;PFBS:100;;6;14597;;
G2 + early M;564;100;PFBS;PFBS:100;;6;461;;
S;564;100;PFBS;PFBS:100;;6;1793;;
Small;564;100;PFBS;PFBS:100;;6;239;;
late M;564;100;PFBS;PFBS:100;;6;291;;
Large;564;100;PFBS;PFBS:100;;6;57;;
0:None;564;100;PFBS;PFBS:100;;6;4;;
G0 + G1;564;10;PFBS;PFBS:10;;7;14201;;
G2 + early M;564;10;PFBS;PFBS:10;;7;378;;
late M;564;10;PFBS;PFBS:10;;7;214;;
S;564;10;PFBS;PFBS:10;;7;1676;;
Small;564;10;PFBS;PFBS:10;;7;252;;
0:None;564;10;PFBS;PFBS:10;;7;7;;
Large;564;10;PFBS;PFBS:10;;7;64;;
G0 + G1;564;1;PFBS;PFBS:1;;8;11106;;
S;564;1;PFBS;PFBS:1;;8;1505;;
G2 + early M;564;1;PFBS;PFBS:1;;8;357;;
0:None;564;1;PFBS;PFBS:1;;8;14;;
late M;564;1;PFBS;PFBS:1;;8;207;;
Small;564;1;PFBS;PFBS:1;;8;181;;
Large;564;1;PFBS;PFBS:1;;8;51;;
G0 + G1;564;0,1;PFBS;PFBS:0,1;;9;13617;;
S;564;0,1;PFBS;PFBS:0,1;;9;1466;;
late M;564;0,1;PFBS;PFBS:0,1;;9;232;;
G2 + early M;564;0,1;PFBS;PFBS:0,1;;9;350;;
Small;564;0,1;PFBS;PFBS:0,1;;9;333;;
0:None;564;0,1;PFBS;PFBS:0,1;;9;14;;
Large;564;0,1;PFBS;PFBS:0,1;;9;41;;
late M;564;0,01;PFBS;PFBS:0,01;;10;293;;
G0 + G1;564;0,01;PFBS;PFBS:0,01;;10;12190;;
S;564;0,01;PFBS;PFBS:0,01;;10;2399;;
G2 + early M;564;0,01;PFBS;PFBS:0,01;;10;721;;
Small;564;0,01;PFBS;PFBS:0,01;;10;409;;
0:None;564;0,01;PFBS;PFBS:0,01;;10;9;;
Large;564;0,01;PFBS;PFBS:0,01;;10;53;;
G0 + G1;564;0;Control;Control:0;;11;12514;;
Small;564;0;Control;Control:0;;11;306;;
S;564;0;Control;Control:0;;11;1943;;
G2 + early M;564;0;Control;Control:0;;11;503;;
Large;564;0;Control;Control:0;;11;45;;
late M;564;0;Control;Control:0;;11;271;;
0:None;564;0;Control;Control:0;;11;7;;
G0 + G1;564;0;Control;Control:0;;12;12575;;
G2 + early M;564;0;Control;Control:0;;12;712;;
S;564;0;Control;Control:0;;12;2112;;
0:None;564;0;Control;Control:0;;12;15;;
late M;564;0;Control;Control:0;;12;238;;
Large;564;0;Control;Control:0;;12;52;;
Small;564;0;Control;Control:0;;12;349;;
Small;564;100;PFBA;PFBA:100;;1;241;;
S;564;100;PFBA;PFBA:100;;1;2596;;
G0 + G1;564;100;PFBA;PFBA:100;;1;13449;;
G2 + early M;564;100;PFBA;PFBA:100;;1;605;;
late M;564;100;PFBA;PFBA:100;;1;199;;
Large;564;100;PFBA;PFBA:100;;1;73;;
0:None;564;100;PFBA;PFBA:100;;1;8;;
G2 + early M;564;10;PFBA;PFBA:10;;2;903;;
0:None;564;10;PFBA;PFBA:10;;2;25;;
G0 + G1;564;10;PFBA;PFBA:10;;2;10604;;
S;564;10;PFBA;PFBA:10;;2;2819;;
late M;564;10;PFBA;PFBA:10;;2;236;;
Small;564;10;PFBA;PFBA:10;;2;353;;
Large;564;10;PFBA;PFBA:10;;2;89;;
late M;564;1;PFBA;PFBA:1;;3;280;;
G0 + G1;564;1;PFBA;PFBA:1;;3;13372;;
S;564;1;PFBA;PFBA:1;;3;3095;;
G2 + early M;564;1;PFBA;PFBA:1;;3;850;;
Small;564;1;PFBA;PFBA:1;;3;290;;
Large;564;1;PFBA;PFBA:1;;3;86;;
0:None;564;1;PFBA;PFBA:1;;3;13;;
G0 + G1;564;0,1;PFBA;PFBA:0,1;;4;11878;;
S;564;0,1;PFBA;PFBA:0,1;;4;1449;;
Small;564;0,1;PFBA;PFBA:0,1;;4;193;;
G2 + early M;564;0,1;PFBA;PFBA:0,1;;4;340;;
late M;564;0,1;PFBA;PFBA:0,1;;4;188;;
Large;564;0,1;PFBA;PFBA:0,1;;4;55;;
0:None;564;0,1;PFBA;PFBA:0,1;;4;18;;
G0 + G1;564;0,01;PFBA;PFBA:0,01;;5;12648;;
Small;564;0,01;PFBA;PFBA:0,01;;5;265;;
S;564;0,01;PFBA;PFBA:0,01;;5;2068;;
late M;564;0,01;PFBA;PFBA:0,01;;5;210;;
G2 + early M;564;0,01;PFBA;PFBA:0,01;;5;454;;
Large;564;0,01;PFBA;PFBA:0,01;;5;72;;
0:None;564;0,01;PFBA;PFBA:0,01;;5;13;;
G0 + G1;564;100;PFBS;PFBS:100;;6;11023;;
G2 + early M;564;100;PFBS;PFBS:100;;6;787;;
S;564;100;PFBS;PFBS:100;;6;2143;;
late M;564;100;PFBS;PFBS:100;;6;237;;
Small;564;100;PFBS;PFBS:100;;6;258;;
0:None;564;100;PFBS;PFBS:100;;6;12;;
Large;564;100;PFBS;PFBS:100;;6;61;;
G0 + G1;564;10;PFBS;PFBS:10;;7;11646;;
late M;564;10;PFBS;PFBS:10;;7;194;;
Small;564;10;PFBS;PFBS:10;;7;187;;
S;564;10;PFBS;PFBS:10;;7;1011;;
G2 + early M;564;10;PFBS;PFBS:10;;7;305;;
0:None;564;10;PFBS;PFBS:10;;7;7;;
Large;564;10;PFBS;PFBS:10;;7;32;;
Small;564;1;PFBS;PFBS:1;;8;163;;
late M;564;1;PFBS;PFBS:1;;8;174;;
G0 + G1;564;1;PFBS;PFBS:1;;8;11905;;
S;564;1;PFBS;PFBS:1;;8;846;;
G2 + early M;564;1;PFBS;PFBS:1;;8;230;;
0:None;564;1;PFBS;PFBS:1;;8;13;;
Large;564;1;PFBS;PFBS:1;;8;21;;
G0 + G1;564;0,1;PFBS;PFBS:0,1;;9;11009;;
late M;564;0,1;PFBS;PFBS:0,1;;9;197;;
Small;564;0,1;PFBS;PFBS:0,1;;9;222;;
S;564;0,1;PFBS;PFBS:0,1;;9;1576;;
G2 + early M;564;0,1;PFBS;PFBS:0,1;;9;425;;
0:None;564;0,1;PFBS;PFBS:0,1;;9;9;;
Large;564;0,1;PFBS;PFBS:0,1;;9;40;;
G0 + G1;564;0,01;PFBS;PFBS:0,01;;10;12916;;
S;564;0,01;PFBS;PFBS:0,01;;10;2120;;
Small;564;0,01;PFBS;PFBS:0,01;;10;386;;
G2 + early M;564;0,01;PFBS;PFBS:0,01;;10;551;;
late M;564;0,01;PFBS;PFBS:0,01;;10;197;;
Large;564;0,01;PFBS;PFBS:0,01;;10;32;;
0:None;564;0,01;PFBS;PFBS:0,01;;10;10;;
G0 + G1;564;0;Control;Control:0;;11;13018;;
Small;564;0;Control;Control:0;;11;382;;
S;564;0;Control;Control:0;;11;3094;;
G2 + early M;564;0;Control;Control:0;;11;1015;;
late M;564;0;Control;Control:0;;11;304;;
Large;564;0;Control;Control:0;;11;103;;
0:None;564;0;Control;Control:0;;11;18;;
G0 + G1;564;0;Control;Control:0;;12;12428;;
Small;564;0;Control;Control:0;;12;218;;
G2 + early M;564;0;Control;Control:0;;12;347;;
S;564;0;Control;Control:0;;12;1323;;
late M;564;0;Control;Control:0;;12;206;;
0:None;564;0;Control;Control:0;;12;17;;
Large;564;0;Control;Control:0;;12;28;;
G0 + G1;564;100;PFBA;PFBA:100;;1;10669;;
Small;564;100;PFBA;PFBA:100;;1;301;;
S;564;100;PFBA;PFBA:100;;1;2499;;
G2 + early M;564;100;PFBA;PFBA:100;;1;730;;
late M;564;100;PFBA;PFBA:100;;1;192;;
0:None;564;100;PFBA;PFBA:100;;1;14;;
Large;564;100;PFBA;PFBA:100;;1;81;;
G0 + G1;564;10;PFBA;PFBA:10;;2;11479;;
Small;564;10;PFBA;PFBA:10;;2;337;;
S;564;10;PFBA;PFBA:10;;2;3212;;
late M;564;10;PFBA;PFBA:10;;2;301;;
G2 + early M;564;10;PFBA;PFBA:10;;2;1248;;
Large;564;10;PFBA;PFBA:10;;2;106;;
0:None;564;10;PFBA;PFBA:10;;2;16;;
S;564;1;PFBA;PFBA:1;;3;1501;;
G0 + G1;564;1;PFBA;PFBA:1;;3;10089;;
late M;564;1;PFBA;PFBA:1;;3;176;;
Small;564;1;PFBA;PFBA:1;;3;169;;
G2 + early M;564;1;PFBA;PFBA:1;;3;444;;
0:None;564;1;PFBA;PFBA:1;;3;22;;
Large;564;1;PFBA;PFBA:1;;3;41;;
G0 + G1;564;0,1;PFBA;PFBA:0,1;;4;11272;;
late M;564;0,1;PFBA;PFBA:0,1;;4;165;;
S;564;0,1;PFBA;PFBA:0,1;;4;1140;;
Small;564;0,1;PFBA;PFBA:0,1;;4;180;;
G2 + early M;564;0,1;PFBA;PFBA:0,1;;4;307;;
0:None;564;0,1;PFBA;PFBA:0,1;;4;18;;
Large;564;0,1;PFBA;PFBA:0,1;;4;38;;
G0 + G1;564;0,01;PFBA;PFBA:0,01;;5;14001;;
late M;564;0,01;PFBA;PFBA:0,01;;5;192;;
Small;564;0,01;PFBA;PFBA:0,01;;5;287;;
S;564;0,01;PFBA;PFBA:0,01;;5;2049;;
G2 + early M;564;0,01;PFBA;PFBA:0,01;;5;502;;
Large;564;0,01;PFBA;PFBA:0,01;;5;40;;
0:None;564;0,01;PFBA;PFBA:0,01;;5;2;;
G0 + G1;564;100;PFBS;PFBS:100;;6;12582;;
Small;564;100;PFBS;PFBS:100;;6;219;;
S;564;100;PFBS;PFBS:100;;6;1596;;
late M;564;100;PFBS;PFBS:100;;6;190;;
G2 + early M;564;100;PFBS;PFBS:100;;6;364;;
Large;564;100;PFBS;PFBS:100;;6;44;;
0:None;564;100;PFBS;PFBS:100;;6;16;;
G0 + G1;564;10;PFBS;PFBS:10;;7;11309;;
G2 + early M;564;10;PFBS;PFBS:10;;7;227;;
S;564;10;PFBS;PFBS:10;;7;861;;
late M;564;10;PFBS;PFBS:10;;7;156;;
Small;564;10;PFBS;PFBS:10;;7;150;;
0:None;564;10;PFBS;PFBS:10;;7;5;;
Large;564;10;PFBS;PFBS:10;;7;17;;
G0 + G1;564;1;PFBS;PFBS:1;;8;11934;;
late M;564;1;PFBS;PFBS:1;;8;219;;
S;564;1;PFBS;PFBS:1;;8;1319;;
G2 + early M;564;1;PFBS;PFBS:1;;8;303;;
Small;564;1;PFBS;PFBS:1;;8;285;;
0:None;564;1;PFBS;PFBS:1;;8;13;;
Large;564;1;PFBS;PFBS:1;;8;78;;
G0 + G1;564;0,1;PFBS;PFBS:0,1;;9;15024;;
S;564;0,1;PFBS;PFBS:0,1;;9;1747;;
G2 + early M;564;0,1;PFBS;PFBS:0,1;;9;339;;
late M;564;0,1;PFBS;PFBS:0,1;;9;316;;
Large;564;0,1;PFBS;PFBS:0,1;;9;42;;
Small;564;0,1;PFBS;PFBS:0,1;;9;254;;
0:None;564;0,1;PFBS;PFBS:0,1;;9;9;;
G0 + G1;564;0,01;PFBS;PFBS:0,01;;10;10974;;
S;564;0,01;PFBS;PFBS:0,01;;10;2164;;
Small;564;0,01;PFBS;PFBS:0,01;;10;298;;
G2 + early M;564;0,01;PFBS;PFBS:0,01;;10;686;;
Large;564;0,01;PFBS;PFBS:0,01;;10;29;;
0:None;564;0,01;PFBS;PFBS:0,01;;10;18;;
late M;564;0,01;PFBS;PFBS:0,01;;10;237;;
G0 + G1;564;0;Control;Control:0;;11;10630;;
0:None;564;0;Control;Control:0;;11;31;;
Small;564;0;Control;Control:0;;11;281;;
G2 + early M;564;0;Control;Control:0;;11;837;;
S;564;0;Control;Control:0;;11;2232;;
late M;564;0;Control;Control:0;;11;217;;
Large;564;0;Control;Control:0;;11;75;;
G0 + G1;564;0;Control;Control:0;;12;12000;;
late M;564;0;Control;Control:0;;12;167;;
S;564;0;Control;Control:0;;12;1455;;
0:None;564;0;Control;Control:0;;12;15;;
Large;564;0;Control;Control:0;;12;32;;
Small;564;0;Control;Control:0;;12;197;;
G2 + early M;564;0;Control;Control:0;;12;304;;
G0 + G1;564;0,01;C6O4;C6O4:0,01;;1;11209;;
S;564;0,01;C6O4;C6O4:0,01;;1;2488;;
Small;564;0,01;C6O4;C6O4:0,01;;1;270;;
G2 + early M;564;0,01;C6O4;C6O4:0,01;;1;663;;
late M;564;0,01;C6O4;C6O4:0,01;;1;233;;
0:None;564;0,01;C6O4;C6O4:0,01;;1;19;;
Large;564;0,01;C6O4;C6O4:0,01;;1;54;;
G0 + G1;564;0,01;C6O4;C6O4:0,01;;2;7724;;
S;564;0,01;C6O4;C6O4:0,01;;2;1619;;
G2 + early M;564;0,01;C6O4;C6O4:0,01;;2;549;;
late M;564;0,01;C6O4;C6O4:0,01;;2;118;;
Small;564;0,01;C6O4;C6O4:0,01;;2;155;;
0:None;564;0,01;C6O4;C6O4:0,01;;2;16;;
Large;564;0,01;C6O4;C6O4:0,01;;2;46;;
G0 + G1;564;0,01;C6O4;C6O4:0,01;;3;13156;;
S;564;0,01;C6O4;C6O4:0,01;;3;1810;;
G2 + early M;564;0,01;C6O4;C6O4:0,01;;3;398;;
Small;564;0,01;C6O4;C6O4:0,01;;3;216;;
late M;564;0,01;C6O4;C6O4:0,01;;3;169;;
Large;564;0,01;C6O4;C6O4:0,01;;3;41;;
0:None;564;0,01;C6O4;C6O4:0,01;;3;8;;
G0 + G1;564;0,1;C6O4;C6O4:0,1;;4;9383;;
late M;564;0,1;C6O4;C6O4:0,1;;4;178;;
S;564;0,1;C6O4;C6O4:0,1;;4;1340;;
G2 + early M;564;0,1;C6O4;C6O4:0,1;;4;325;;
Small;564;0,1;C6O4;C6O4:0,1;;4;141;;
Large;564;0,1;C6O4;C6O4:0,1;;4;47;;
0:None;564;0,1;C6O4;C6O4:0,1;;4;9;;
G0 + G1;564;0,1;C6O4;C6O4:0,1;;5;8900;;
G2 + early M;564;0,1;C6O4;C6O4:0,1;;5;335;;
S;564;0,1;C6O4;C6O4:0,1;;5;1112;;
Small;564;0,1;C6O4;C6O4:0,1;;5;160;;
late M;564;0,1;C6O4;C6O4:0,1;;5;123;;
0:None;564;0,1;C6O4;C6O4:0,1;;5;22;;
Large;564;0,1;C6O4;C6O4:0,1;;5;28;;
G0 + G1;564;0,1;C6O4;C6O4:0,1;;6;11162;;
S;564;0,1;C6O4;C6O4:0,1;;6;2024;;
Large;564;0,1;C6O4;C6O4:0,1;;6;65;;
Small;564;0,1;C6O4;C6O4:0,1;;6;281;;
late M;564;0,1;C6O4;C6O4:0,1;;6;251;;
G2 + early M;564;0,1;C6O4;C6O4:0,1;;6;649;;
0:None;564;0,1;C6O4;C6O4:0,1;;6;13;;
G0 + G1;564;1;C6O4;C6O4:1;;7;6814;;
S;564;1;C6O4;C6O4:1;;7;634;;
G2 + early M;564;1;C6O4;C6O4:1;;7;166;;
0:None;564;1;C6O4;C6O4:1;;7;18;;
Small;564;1;C6O4;C6O4:1;;7;83;;
late M;564;1;C6O4;C6O4:1;;7;99;;
Large;564;1;C6O4;C6O4:1;;7;16;;
G0 + G1;564;1;C6O4;C6O4:1;;8;9168;;
S;564;1;C6O4;C6O4:1;;8;1068;;
0:None;564;1;C6O4;C6O4:1;;8;13;;
Small;564;1;C6O4;C6O4:1;;8;156;;
late M;564;1;C6O4;C6O4:1;;8;163;;
G2 + early M;564;1;C6O4;C6O4:1;;8;286;;
Large;564;1;C6O4;C6O4:1;;8;45;;
G0 + G1;564;1;C6O4;C6O4:1;;9;9181;;
G2 + early M;564;1;C6O4;C6O4:1;;9;319;;
S;564;1;C6O4;C6O4:1;;9;1127;;
Small;564;1;C6O4;C6O4:1;;9;182;;
0:None;564;1;C6O4;C6O4:1;;9;21;;
late M;564;1;C6O4;C6O4:1;;9;134;;
Large;564;1;C6O4;C6O4:1;;9;33;;
G0 + G1;564;0;Control;Control:0;;10;12061;;
S;564;0;Control;Control:0;;10;2946;;
G2 + early M;564;0;Control;Control:0;;10;1082;;
late M;564;0;Control;Control:0;;10;249;;
Small;564;0;Control;Control:0;;10;325;;
0:None;564;0;Control;Control:0;;10;20;;
Large;564;0;Control;Control:0;;10;45;;
G0 + G1;564;0;Control;Control:0;;11;8103;;
Small;564;0;Control;Control:0;;11;157;;
S;564;0;Control;Control:0;;11;956;;
G2 + early M;564;0;Control;Control:0;;11;316;;
late M;564;0;Control;Control:0;;11;186;;
0:None;564;0;Control;Control:0;;11;38;;
Large;564;0;Control;Control:0;;11;32;;
Small;564;0;Control;Control:0;;12;212;;
S;564;0;Control;Control:0;;12;1608;;
late M;564;0;Control;Control:0;;12;228;;
G0 + G1;564;0;Control;Control:0;;12;10879;;
G2 + early M;564;0;Control;Control:0;;12;436;;
0:None;564;0;Control;Control:0;;12;21;;
Large;564;0;Control;Control:0;;12;31;;
G0 + G1;564;10;C6O4;C6O4:10;;1;10275;;
S;564;10;C6O4;C6O4:10;;1;1816;;
late M;564;10;C6O4;C6O4:10;;1;196;;
Small;564;10;C6O4;C6O4:10;;1;243;;
0:None;564;10;C6O4;C6O4:10;;1;15;;
G2 + early M;564;10;C6O4;C6O4:10;;1;500;;
Large;564;10;C6O4;C6O4:10;;1;55;;
G0 + G1;564;10;C6O4;C6O4:10;;2;6647;;
S;564;10;C6O4;C6O4:10;;2;2447;;
late M;564;10;C6O4;C6O4:10;;2;289;;
G2 + early M;564;10;C6O4;C6O4:10;;2;1279;;
Small;564;10;C6O4;C6O4:10;;2;406;;
0:None;564;10;C6O4;C6O4:10;;2;16;;
Large;564;10;C6O4;C6O4:10;;2;119;;
S;564;10;C6O4;C6O4:10;;3;2082;;
G2 + early M;564;10;C6O4;C6O4:10;;3;669;;
G0 + G1;564;10;C6O4;C6O4:10;;3;8662;;
Small;564;10;C6O4;C6O4:10;;3;291;;
late M;564;10;C6O4;C6O4:10;;3;181;;
Large;564;10;C6O4;C6O4:10;;3;84;;
0:None;564;10;C6O4;C6O4:10;;3;17;;
G0 + G1;564;100;C6O4;C6O4:100;;4;11590;;
S;564;100;C6O4;C6O4:100;;4;1723;;
Small;564;100;C6O4;C6O4:100;;4;238;;
G2 + early M;564;100;C6O4;C6O4:100;;4;475;;
late M;564;100;C6O4;C6O4:100;;4;203;;
0:None;564;100;C6O4;C6O4:100;;4;8;;
Large;564;100;C6O4;C6O4:100;;4;66;;
S;564;100;C6O4;C6O4:100;;5;2915;;
G0 + G1;564;100;C6O4;C6O4:100;;5;10152;;
Small;564;100;C6O4;C6O4:100;;5;436;;
late M;564;100;C6O4;C6O4:100;;5;222;;
G2 + early M;564;100;C6O4;C6O4:100;;5;1196;;
Large;564;100;C6O4;C6O4:100;;5;96;;
0:None;564;100;C6O4;C6O4:100;;5;17;;
G0 + G1;564;100;C6O4;C6O4:100;;6;7934;;
S;564;100;C6O4;C6O4:100;;6;1359;;
0:None;564;100;C6O4;C6O4:100;;6;9;;
late M;564;100;C6O4;C6O4:100;;6;169;;
G2 + early M;564;100;C6O4;C6O4:100;;6;341;;
Small;564;100;C6O4;C6O4:100;;6;150;;
Large;564;100;C6O4;C6O4:100;;6;43;;
G0 + G1;564;0;Control;Control:0;;7;5409;;
S;564;0;Control;Control:0;;7;1201;;
0:None;564;0;Control;Control:0;;7;25;;
G2 + early M;564;0;Control;Control:0;;7;545;;
late M;564;0;Control;Control:0;;7;141;;
Small;564;0;Control;Control:0;;7;189;;
Large;564;0;Control;Control:0;;7;41;;
G0 + G1;564;0;Control;Control:0;;8;6313;;
Small;564;0;Control;Control:0;;8;92;;
late M;564;0;Control;Control:0;;8;118;;
S;564;0;Control;Control:0;;8;729;;
G2 + early M;564;0;Control;Control:0;;8;254;;
0:None;564;0;Control;Control:0;;8;23;;
Large;564;0;Control;Control:0;;8;18;;
G0 + G1;564;0;Control;Control:0;;9;9407;;
S;564;0;Control;Control:0;;9;1427;;
0:None;564;0;Control;Control:0;;9;19;;
late M;564;0;Control;Control:0;;9;160;;
Small;564;0;Control;Control:0;;9;168;;
G2 + early M;564;0;Control;Control:0;;9;418;;
Large;564;0;Control;Control:0;;9;69;;
G0 + G1;564;0;Control;Control:0;;10;6140;;
S;564;0;Control;Control:0;;10;3179;;
Small;564;0;Control;Control:0;;10;445;;
G2 + early M;564;0;Control;Control:0;;10;2419;;
0:None;564;0;Control;Control:0;;10;43;;
late M;564;0;Control;Control:0;;10;339;;
Large;564;0;Control;Control:0;;10;94;;
G0 + G1;564;0;Control;Control:0;;11;11798;;
G2 + early M;564;0;Control;Control:0;;11;696;;
late M;564;0;Control;Control:0;;11;263;;
S;564;0;Control;Control:0;;11;1783;;
Small;564;0;Control;Control:0;;11;246;;
0:None;564;0;Control;Control:0;;11;17;;
Large;564;0;Control;Control:0;;11;60;;
G0 + G1;564;0;Control;Control:0;;12;10433;;
G2 + early M;564;0;Control;Control:0;;12;514;;
S;564;0;Control;Control:0;;12;1176;;
Small;564;0;Control;Control:0;;12;192;;
late M;564;0;Control;Control:0;;12;168;;
Large;564;0;Control;Control:0;;12;24;;
0:None;564;0;Control;Control:0;;12;19;;
